image_id,label,image_path,mask_path,has_mask,n_masks,height,width,n_pixels
normal (1),normal,data\raw\normal\normal (1).png,data\raw\normal\normal (1)_mask.png,True,1,470,568,266960
normal (10),normal,data\raw\normal\normal (10).png,data\raw\normal\normal (10)_mask.png,True,1,485,501,242985
normal (100),normal,data\raw\normal\normal (100).png,data\raw\normal\normal (100)_mask.png,True,1,574,690,396060
normal (101),normal,data\raw\normal\normal (101).png,data\raw\normal\normal (101)_mask.png,True,1,572,678,387816
normal (102),normal,data\raw\normal\normal (102).png,data\raw\normal\normal (102)_mask.png,True,1,576,770,443520
normal (103),normal,data\raw\normal\normal (103).png,data\raw\normal\normal (103)_mask.png,True,1,574,772,443128
normal (104),normal,data\raw\normal\normal (104).png,data\raw\normal\normal (104)_mask.png,True,1,471,550,259050
normal (105),normal,data\raw\normal\normal (105).png,data\raw\normal\normal (105)_mask.png,True,1,463,562,260206
normal (106),normal,data\raw\normal\normal (106).png,data\raw\normal\normal (106)_mask.png,True,1,468,558,261144
normal (107),normal,data\raw\normal\normal (107).png,data\raw\normal\normal (107)_mask.png,True,1,468,560,262080
normal (108),normal,data\raw\normal\normal (108).png,data\raw\normal\normal (108)_mask.png,True,1,589,770,453530
normal (109),normal,data\raw\normal\normal (109).png,data\raw\normal\normal (109)_mask.png,True,1,475,557,264575
normal (11),normal,data\raw\normal\normal (11).png,data\raw\normal\normal (11)_mask.png,True,1,576,752,433152
normal (110),normal,data\raw\normal\normal (110).png,data\raw\normal\normal (110)_mask.png,True,1,468,552,258336
normal (111),normal,data\raw\normal\normal (111).png,data\raw\normal\normal (111)_mask.png,True,1,663,913,605319
normal (112),normal,data\raw\normal\normal (112).png,data\raw\normal\normal (112)_mask.png,True,1,655,929,608495
normal (113),normal,data\raw\normal\normal (113).png,data\raw\normal\normal (113)_mask.png,True,1,704,948,667392
normal (114),normal,data\raw\normal\normal (114).png,data\raw\normal\normal (114)_mask.png,True,1,700,916,641200
normal (115),normal,data\raw\normal\normal (115).png,data\raw\normal\normal (115)_mask.png,True,1,494,556,274664
normal (116),normal,data\raw\normal\normal (116).png,data\raw\normal\normal (116)_mask.png,True,1,585,785,459225
normal (117),normal,data\raw\normal\normal (117).png,data\raw\normal\normal (117)_mask.png,True,1,574,770,441980
normal (118),normal,data\raw\normal\normal (118).png,data\raw\normal\normal (118)_mask.png,True,1,695,928,644960
normal (119),normal,data\raw\normal\normal (119).png,data\raw\normal\normal (119)_mask.png,True,1,486,552,268272
normal (12),normal,data\raw\normal\normal (12).png,data\raw\normal\normal (12)_mask.png,True,1,583,779,454157
normal (120),normal,data\raw\normal\normal (120).png,data\raw\normal\normal (120)_mask.png,True,1,578,772,446216
normal (121),normal,data\raw\normal\normal (121).png,data\raw\normal\normal (121)_mask.png,True,1,465,550,255750
normal (122),normal,data\raw\normal\normal (122).png,data\raw\normal\normal (122)_mask.png,True,1,578,766,442748
normal (123),normal,data\raw\normal\normal (123).png,data\raw\normal\normal (123)_mask.png,True,1,558,685,382230
normal (124),normal,data\raw\normal\normal (124).png,data\raw\normal\normal (124)_mask.png,True,1,712,811,577432
normal (125),normal,data\raw\normal\normal (125).png,data\raw\normal\normal (125)_mask.png,True,1,471,558,262818
normal (126),normal,data\raw\normal\normal (126).png,data\raw\normal\normal (126)_mask.png,True,1,601,765,459765
normal (127),normal,data\raw\normal\normal (127).png,data\raw\normal\normal (127)_mask.png,True,1,467,555,259185
normal (128),normal,data\raw\normal\normal (128).png,data\raw\normal\normal (128)_mask.png,True,1,596,622,370712
normal (129),normal,data\raw\normal\normal (129).png,data\raw\normal\normal (129)_mask.png,True,1,684,617,422028
normal (13),normal,data\raw\normal\normal (13).png,data\raw\normal\normal (13)_mask.png,True,1,574,779,447146
normal (130),normal,data\raw\normal\normal (130).png,data\raw\normal\normal (130)_mask.png,True,1,477,739,352503
normal (131),normal,data\raw\normal\normal (131).png,data\raw\normal\normal (131)_mask.png,True,1,574,669,384006
normal (132),normal,data\raw\normal\normal (132).png,data\raw\normal\normal (132)_mask.png,True,1,700,857,599900
normal (133),normal,data\raw\normal\normal (133).png,data\raw\normal\normal (133)_mask.png,True,1,471,560,263760
normal (14),normal,data\raw\normal\normal (14).png,data\raw\normal\normal (14)_mask.png,True,1,581,765,444465
normal (15),normal,data\raw\normal\normal (15).png,data\raw\normal\normal (15)_mask.png,True,1,464,554,257056
normal (16),normal,data\raw\normal\normal (16).png,data\raw\normal\normal (16)_mask.png,True,1,464,566,262624
normal (17),normal,data\raw\normal\normal (17).png,data\raw\normal\normal (17)_mask.png,True,1,465,560,260400
normal (18),normal,data\raw\normal\normal (18).png,data\raw\normal\normal (18)_mask.png,True,1,473,562,265826
normal (19),normal,data\raw\normal\normal (19).png,data\raw\normal\normal (19)_mask.png,True,1,566,660,373560
normal (2),normal,data\raw\normal\normal (2).png,data\raw\normal\normal (2)_mask.png,True,1,471,552,259992
normal (20),normal,data\raw\normal\normal (20).png,data\raw\normal\normal (20)_mask.png,True,1,687,851,584637
normal (21),normal,data\raw\normal\normal (21).png,data\raw\normal\normal (21)_mask.png,True,1,463,545,252335
normal (22),normal,data\raw\normal\normal (22).png,data\raw\normal\normal (22)_mask.png,True,1,470,552,259440
normal (23),normal,data\raw\normal\normal (23).png,data\raw\normal\normal (23)_mask.png,True,1,578,763,441014
normal (24),normal,data\raw\normal\normal (24).png,data\raw\normal\normal (24)_mask.png,True,1,573,626,358698
normal (25),normal,data\raw\normal\normal (25).png,data\raw\normal\normal (25)_mask.png,True,1,571,781,445951
normal (26),normal,data\raw\normal\normal (26).png,data\raw\normal\normal (26)_mask.png,True,1,475,738,350550
normal (27),normal,data\raw\normal\normal (27).png,data\raw\normal\normal (27)_mask.png,True,1,707,804,568428
normal (28),normal,data\raw\normal\normal (28).png,data\raw\normal\normal (28)_mask.png,True,1,619,761,471059
normal (29),normal,data\raw\normal\normal (29).png,data\raw\normal\normal (29)_mask.png,True,1,567,679,384993
normal (3),normal,data\raw\normal\normal (3).png,data\raw\normal\normal (3)_mask.png,True,1,465,554,257610
normal (30),normal,data\raw\normal\normal (30).png,data\raw\normal\normal (30)_mask.png,True,1,490,550,269500
normal (31),normal,data\raw\normal\normal (31).png,data\raw\normal\normal (31)_mask.png,True,1,473,547,258731
normal (32),normal,data\raw\normal\normal (32).png,data\raw\normal\normal (32)_mask.png,True,1,470,557,261790
normal (33),normal,data\raw\normal\normal (33).png,data\raw\normal\normal (33)_mask.png,True,1,587,777,456099
normal (34),normal,data\raw\normal\normal (34).png,data\raw\normal\normal (34)_mask.png,True,1,576,779,448704
normal (35),normal,data\raw\normal\normal (35).png,data\raw\normal\normal (35)_mask.png,True,1,688,616,423808
normal (36),normal,data\raw\normal\normal (36).png,data\raw\normal\normal (36)_mask.png,True,1,705,812,572460
normal (37),normal,data\raw\normal\normal (37).png,data\raw\normal\normal (37)_mask.png,True,1,709,816,578544
normal (38),normal,data\raw\normal\normal (38).png,data\raw\normal\normal (38)_mask.png,True,1,619,763,472297
normal (39),normal,data\raw\normal\normal (39).png,data\raw\normal\normal (39)_mask.png,True,1,618,757,467826
normal (4),normal,data\raw\normal\normal (4).png,data\raw\normal\normal (4)_mask.png,True,1,434,578,250852
normal (40),normal,data\raw\normal\normal (40).png,data\raw\normal\normal (40)_mask.png,True,1,598,763,456274
normal (41),normal,data\raw\normal\normal (41).png,data\raw\normal\normal (41)_mask.png,True,1,600,761,456600
normal (42),normal,data\raw\normal\normal (42).png,data\raw\normal\normal (42)_mask.png,True,1,611,763,466193
normal (43),normal,data\raw\normal\normal (43).png,data\raw\normal\normal (43)_mask.png,True,1,592,759,449328
normal (44),normal,data\raw\normal\normal (44).png,data\raw\normal\normal (44)_mask.png,True,1,618,761,470298
normal (45),normal,data\raw\normal\normal (45).png,data\raw\normal\normal (45)_mask.png,True,1,601,767,460967
normal (46),normal,data\raw\normal\normal (46).png,data\raw\normal\normal (46)_mask.png,True,1,310,393,121830
normal (47),normal,data\raw\normal\normal (47).png,data\raw\normal\normal (47)_mask.png,True,1,313,391,122383
normal (48),normal,data\raw\normal\normal (48).png,data\raw\normal\normal (48)_mask.png,True,1,312,392,122304
normal (49),normal,data\raw\normal\normal (49).png,data\raw\normal\normal (49)_mask.png,True,1,316,396,125136
normal (5),normal,data\raw\normal\normal (5).png,data\raw\normal\normal (5)_mask.png,True,1,573,765,438345
normal (50),normal,data\raw\normal\normal (50).png,data\raw\normal\normal (50)_mask.png,True,1,310,392,121520
normal (51),normal,data\raw\normal\normal (51).png,data\raw\normal\normal (51)_mask.png,True,1,490,554,271460
normal (52),normal,data\raw\normal\normal (52).png,data\raw\normal\normal (52)_mask.png,True,1,487,552,268824
normal (53),normal,data\raw\normal\normal (53).png,data\raw\normal\normal (53)_mask.png,True,1,648,757,490536
normal (54),normal,data\raw\normal\normal (54).png,data\raw\normal\normal (54)_mask.png,True,1,492,554,272568
normal (55),normal,data\raw\normal\normal (55).png,data\raw\normal\normal (55)_mask.png,True,1,491,557,273487
normal (56),normal,data\raw\normal\normal (56).png,data\raw\normal\normal (56)_mask.png,True,1,598,763,456274
normal (57),normal,data\raw\normal\normal (57).png,data\raw\normal\normal (57)_mask.png,True,1,490,548,268520
normal (58),normal,data\raw\normal\normal (58).png,data\raw\normal\normal (58)_mask.png,True,1,487,554,269798
normal (59),normal,data\raw\normal\normal (59).png,data\raw\normal\normal (59)_mask.png,True,1,621,765,475065
normal (6),normal,data\raw\normal\normal (6).png,data\raw\normal\normal (6)_mask.png,True,1,574,776,445424
normal (60),normal,data\raw\normal\normal (60).png,data\raw\normal\normal (60)_mask.png,True,1,486,552,268272
normal (61),normal,data\raw\normal\normal (61).png,data\raw\normal\normal (61)_mask.png,True,1,601,752,451952
normal (62),normal,data\raw\normal\normal (62).png,data\raw\normal\normal (62)_mask.png,True,1,598,763,456274
normal (63),normal,data\raw\normal\normal (63).png,data\raw\normal\normal (63)_mask.png,True,1,467,558,260586
normal (64),normal,data\raw\normal\normal (64).png,data\raw\normal\normal (64)_mask.png,True,1,470,558,262260
normal (65),normal,data\raw\normal\normal (65).png,data\raw\normal\normal (65)_mask.png,True,1,570,670,381900
normal (66),normal,data\raw\normal\normal (66).png,data\raw\normal\normal (66)_mask.png,True,1,468,561,262548
normal (67),normal,data\raw\normal\normal (67).png,data\raw\normal\normal (67)_mask.png,True,1,493,545,268685
normal (68),normal,data\raw\normal\normal (68).png,data\raw\normal\normal (68)_mask.png,True,1,488,558,272304
normal (69),normal,data\raw\normal\normal (69).png,data\raw\normal\normal (69)_mask.png,True,1,487,556,270772
normal (7),normal,data\raw\normal\normal (7).png,data\raw\normal\normal (7)_mask.png,True,1,585,770,450450
normal (70),normal,data\raw\normal\normal (70).png,data\raw\normal\normal (70)_mask.png,True,1,471,557,262347
normal (71),normal,data\raw\normal\normal (71).png,data\raw\normal\normal (71)_mask.png,True,1,470,547,257090
normal (72),normal,data\raw\normal\normal (72).png,data\raw\normal\normal (72)_mask.png,True,1,692,916,633872
normal (73),normal,data\raw\normal\normal (73).png,data\raw\normal\normal (73)_mask.png,True,1,474,509,241266
normal (74),normal,data\raw\normal\normal (74).png,data\raw\normal\normal (74)_mask.png,True,1,467,558,260586
normal (75),normal,data\raw\normal\normal (75).png,data\raw\normal\normal (75)_mask.png,True,1,467,556,259652
normal (76),normal,data\raw\normal\normal (76).png,data\raw\normal\normal (76)_mask.png,True,1,469,555,260295
normal (77),normal,data\raw\normal\normal (77).png,data\raw\normal\normal (77)_mask.png,True,1,471,560,263760
normal (78),normal,data\raw\normal\normal (78).png,data\raw\normal\normal (78)_mask.png,True,1,478,731,349418
normal (79),normal,data\raw\normal\normal (79).png,data\raw\normal\normal (79)_mask.png,True,1,471,703,331113
normal (8),normal,data\raw\normal\normal (8).png,data\raw\normal\normal (8)_mask.png,True,1,587,775,454925
normal (80),normal,data\raw\normal\normal (80).png,data\raw\normal\normal (80)_mask.png,True,1,470,562,264140
normal (81),normal,data\raw\normal\normal (81).png,data\raw\normal\normal (81)_mask.png,True,1,587,767,450229
normal (82),normal,data\raw\normal\normal (82).png,data\raw\normal\normal (82)_mask.png,True,1,468,560,262080
normal (83),normal,data\raw\normal\normal (83).png,data\raw\normal\normal (83)_mask.png,True,1,576,619,356544
normal (84),normal,data\raw\normal\normal (84).png,data\raw\normal\normal (84)_mask.png,True,1,477,509,242793
normal (85),normal,data\raw\normal\normal (85).png,data\raw\normal\normal (85)_mask.png,True,1,464,557,258448
normal (86),normal,data\raw\normal\normal (86).png,data\raw\normal\normal (86)_mask.png,True,1,469,552,258888
normal (87),normal,data\raw\normal\normal (87).png,data\raw\normal\normal (87)_mask.png,True,1,467,552,257784
normal (88),normal,data\raw\normal\normal (88).png,data\raw\normal\normal (88)_mask.png,True,1,463,560,259280
normal (89),normal,data\raw\normal\normal (89).png,data\raw\normal\normal (89)_mask.png,True,1,467,558,260586
normal (9),normal,data\raw\normal\normal (9).png,data\raw\normal\normal (9)_mask.png,True,1,491,495,243045
normal (90),normal,data\raw\normal\normal (90).png,data\raw\normal\normal (90)_mask.png,True,1,496,558,276768
normal (91),normal,data\raw\normal\normal (91).png,data\raw\normal\normal (91)_mask.png,True,1,493,558,275094
normal (92),normal,data\raw\normal\normal (92).png,data\raw\normal\normal (92)_mask.png,True,1,486,554,269244
normal (93),normal,data\raw\normal\normal (93).png,data\raw\normal\normal (93)_mask.png,True,1,578,770,445060
normal (94),normal,data\raw\normal\normal (94).png,data\raw\normal\normal (94)_mask.png,True,1,585,678,396630
normal (95),normal,data\raw\normal\normal (95).png,data\raw\normal\normal (95)_mask.png,True,1,582,693,403326
normal (96),normal,data\raw\normal\normal (96).png,data\raw\normal\normal (96)_mask.png,True,1,578,687,397086
normal (97),normal,data\raw\normal\normal (97).png,data\raw\normal\normal (97)_mask.png,True,1,470,560,263200
normal (98),normal,data\raw\normal\normal (98).png,data\raw\normal\normal (98)_mask.png,True,1,470,562,264140
normal (99),normal,data\raw\normal\normal (99).png,data\raw\normal\normal (99)_mask.png,True,1,468,556,260208
benign (1),benign,data\raw\benign\benign (1).png,data\raw\benign\benign (1)_mask.png,True,1,471,562,264702
benign (10),benign,data\raw\benign\benign (10).png,data\raw\benign\benign (10)_mask.png,True,1,585,683,399555
benign (100),benign,data\raw\benign\benign (100).png,data\raw\benign\benign (100)_mask.png,True,2,473,323,152779
benign (101),benign,data\raw\benign\benign (101).png,data\raw\benign\benign (101)_mask.png,True,1,473,563,266299
benign (102),benign,data\raw\benign\benign (102).png,data\raw\benign\benign (102)_mask.png,True,1,610,634,386740
benign (103),benign,data\raw\benign\benign (103).png,data\raw\benign\benign (103)_mask.png,True,1,585,766,448110
benign (104),benign,data\raw\benign\benign (104).png,data\raw\benign\benign (104)_mask.png,True,1,578,777,449106
benign (105),benign,data\raw\benign\benign (105).png,data\raw\benign\benign (105)_mask.png,True,1,581,882,512442
benign (106),benign,data\raw\benign\benign (106).png,data\raw\benign\benign (106)_mask.png,True,1,716,808,578528
benign (107),benign,data\raw\benign\benign (107).png,data\raw\benign\benign (107)_mask.png,True,1,616,759,467544
benign (108),benign,data\raw\benign\benign (108).png,data\raw\benign\benign (108)_mask.png,True,1,582,769,447558
benign (109),benign,data\raw\benign\benign (109).png,data\raw\benign\benign (109)_mask.png,True,1,470,562,264140
benign (11),benign,data\raw\benign\benign (11).png,data\raw\benign\benign (11)_mask.png,True,1,587,689,404443
benign (110),benign,data\raw\benign\benign (110).png,data\raw\benign\benign (110)_mask.png,True,1,468,555,259740
benign (111),benign,data\raw\benign\benign (111).png,data\raw\benign\benign (111)_mask.png,True,1,477,315,150255
benign (112),benign,data\raw\benign\benign (112).png,data\raw\benign\benign (112)_mask.png,True,1,612,652,399024
benign (113),benign,data\raw\benign\benign (113).png,data\raw\benign\benign (113)_mask.png,True,1,695,810,562950
benign (114),benign,data\raw\benign\benign (114).png,data\raw\benign\benign (114)_mask.png,True,1,575,757,435275
benign (115),benign,data\raw\benign\benign (115).png,data\raw\benign\benign (115)_mask.png,True,1,469,554,259826
benign (116),benign,data\raw\benign\benign (116).png,data\raw\benign\benign (116)_mask.png,True,1,588,766,450408
benign (117),benign,data\raw\benign\benign (117).png,data\raw\benign\benign (117)_mask.png,True,1,688,806,554528
benign (118),benign,data\raw\benign\benign (118).png,data\raw\benign\benign (118)_mask.png,True,1,620,653,404860
benign (119),benign,data\raw\benign\benign (119).png,data\raw\benign\benign (119)_mask.png,True,1,585,762,445770
benign (12),benign,data\raw\benign\benign (12).png,data\raw\benign\benign (12)_mask.png,True,1,571,678,387138
benign (120),benign,data\raw\benign\benign (120).png,data\raw\benign\benign (120)_mask.png,True,1,695,808,561560
benign (121),benign,data\raw\benign\benign (121).png,data\raw\benign\benign (121)_mask.png,True,1,610,646,394060
benign (122),benign,data\raw\benign\benign (122).png,data\raw\benign\benign (122)_mask.png,True,1,577,774,446598
benign (123),benign,data\raw\benign\benign (123).png,data\raw\benign\benign (123)_mask.png,True,1,610,648,395280
benign (124),benign,data\raw\benign\benign (124).png,data\raw\benign\benign (124)_mask.png,True,1,614,645,396030
benign (125),benign,data\raw\benign\benign (125).png,data\raw\benign\benign (125)_mask.png,True,1,578,756,436968
benign (126),benign,data\raw\benign\benign (126).png,data\raw\benign\benign (126)_mask.png,True,1,570,771,439470
benign (127),benign,data\raw\benign\benign (127).png,data\raw\benign\benign (127)_mask.png,True,1,476,558,265608
benign (128),benign,data\raw\benign\benign (128).png,data\raw\benign\benign (128)_mask.png,True,1,475,549,260775
benign (129),benign,data\raw\benign\benign (129).png,data\raw\benign\benign (129)_mask.png,True,1,587,775,454925
benign (13),benign,data\raw\benign\benign (13).png,data\raw\benign\benign (13)_mask.png,True,1,571,678,387138
benign (130),benign,data\raw\benign\benign (130).png,data\raw\benign\benign (130)_mask.png,True,1,474,558,264492
benign (131),benign,data\raw\benign\benign (131).png,data\raw\benign\benign (131)_mask.png,True,1,435,587,255345
benign (132),benign,data\raw\benign\benign (132).png,data\raw\benign\benign (132)_mask.png,True,1,483,552,266616
benign (133),benign,data\raw\benign\benign (133).png,data\raw\benign\benign (133)_mask.png,True,1,342,369,126198
benign (134),benign,data\raw\benign\benign (134).png,data\raw\benign\benign (134)_mask.png,True,1,345,378,130410
benign (135),benign,data\raw\benign\benign (135).png,data\raw\benign\benign (135)_mask.png,True,1,582,776,451632
benign (136),benign,data\raw\benign\benign (136).png,data\raw\benign\benign (136)_mask.png,True,1,581,886,514766
benign (137),benign,data\raw\benign\benign (137).png,data\raw\benign\benign (137)_mask.png,True,1,578,777,449106
benign (138),benign,data\raw\benign\benign (138).png,data\raw\benign\benign (138)_mask.png,True,1,600,766,459600
benign (139),benign,data\raw\benign\benign (139).png,data\raw\benign\benign (139)_mask.png,True,1,468,563,263484
benign (14),benign,data\raw\benign\benign (14).png,data\raw\benign\benign (14)_mask.png,True,1,531,699,371169
benign (140),benign,data\raw\benign\benign (140).png,data\raw\benign\benign (140)_mask.png,True,1,591,452,267132
benign (141),benign,data\raw\benign\benign (141).png,data\raw\benign\benign (141)_mask.png,True,1,471,567,267057
benign (142),benign,data\raw\benign\benign (142).png,data\raw\benign\benign (142)_mask.png,True,1,582,785,456870
benign (143),benign,data\raw\benign\benign (143).png,data\raw\benign\benign (143)_mask.png,True,1,467,554,258718
benign (144),benign,data\raw\benign\benign (144).png,data\raw\benign\benign (144)_mask.png,True,1,580,770,446600
benign (145),benign,data\raw\benign\benign (145).png,data\raw\benign\benign (145)_mask.png,True,1,574,779,447146
benign (146),benign,data\raw\benign\benign (146).png,data\raw\benign\benign (146)_mask.png,True,1,594,449,266706
benign (147),benign,data\raw\benign\benign (147).png,data\raw\benign\benign (147)_mask.png,True,1,463,564,261132
benign (148),benign,data\raw\benign\benign (148).png,data\raw\benign\benign (148)_mask.png,True,1,463,567,262521
benign (149),benign,data\raw\benign\benign (149).png,data\raw\benign\benign (149)_mask.png,True,1,468,557,260676
benign (15),benign,data\raw\benign\benign (15).png,data\raw\benign\benign (15)_mask.png,True,1,526,701,368726
benign (150),benign,data\raw\benign\benign (150).png,data\raw\benign\benign (150)_mask.png,True,1,570,671,382470
benign (151),benign,data\raw\benign\benign (151).png,data\raw\benign\benign (151)_mask.png,True,1,469,560,262640
benign (152),benign,data\raw\benign\benign (152).png,data\raw\benign\benign (152)_mask.png,True,1,471,555,261405
benign (153),benign,data\raw\benign\benign (153).png,data\raw\benign\benign (153)_mask.png,True,1,574,772,443128
benign (154),benign,data\raw\benign\benign (154).png,data\raw\benign\benign (154)_mask.png,True,1,464,556,257984
benign (155),benign,data\raw\benign\benign (155).png,data\raw\benign\benign (155)_mask.png,True,1,583,783,456489
benign (156),benign,data\raw\benign\benign (156).png,data\raw\benign\benign (156)_mask.png,True,1,581,887,515347
benign (157),benign,data\raw\benign\benign (157).png,data\raw\benign\benign (157)_mask.png,True,1,465,567,263655
benign (158),benign,data\raw\benign\benign (158).png,data\raw\benign\benign (158)_mask.png,True,1,464,556,257984
benign (159),benign,data\raw\benign\benign (159).png,data\raw\benign\benign (159)_mask.png,True,1,574,696,399504
benign (16),benign,data\raw\benign\benign (16).png,data\raw\benign\benign (16)_mask.png,True,1,462,558,257796
benign (160),benign,data\raw\benign\benign (160).png,data\raw\benign\benign (160)_mask.png,True,1,585,624,365040
benign (161),benign,data\raw\benign\benign (161).png,data\raw\benign\benign (161)_mask.png,True,1,463,568,262984
benign (162),benign,data\raw\benign\benign (162).png,data\raw\benign\benign (162)_mask.png,True,1,470,549,258030
benign (163),benign,data\raw\benign\benign (163).png,data\raw\benign\benign (163)_mask.png,True,2,576,779,448704
benign (164),benign,data\raw\benign\benign (164).png,data\raw\benign\benign (164)_mask.png,True,1,470,560,263200
benign (165),benign,data\raw\benign\benign (165).png,data\raw\benign\benign (165)_mask.png,True,1,464,558,258912
benign (166),benign,data\raw\benign\benign (166).png,data\raw\benign\benign (166)_mask.png,True,1,471,555,261405
benign (167),benign,data\raw\benign\benign (167).png,data\raw\benign\benign (167)_mask.png,True,1,463,566,262058
benign (168),benign,data\raw\benign\benign (168).png,data\raw\benign\benign (168)_mask.png,True,1,471,557,262347
benign (169),benign,data\raw\benign\benign (169).png,data\raw\benign\benign (169)_mask.png,True,1,469,561,263109
benign (17),benign,data\raw\benign\benign (17).png,data\raw\benign\benign (17)_mask.png,True,1,463,558,258354
benign (170),benign,data\raw\benign\benign (170).png,data\raw\benign\benign (170)_mask.png,True,1,468,564,263952
benign (171),benign,data\raw\benign\benign (171).png,data\raw\benign\benign (171)_mask.png,True,1,463,566,262058
benign (172),benign,data\raw\benign\benign (172).png,data\raw\benign\benign (172)_mask.png,True,1,589,619,364591
benign (173),benign,data\raw\benign\benign (173).png,data\raw\benign\benign (173)_mask.png,True,2,573,726,415998
benign (174),benign,data\raw\benign\benign (174).png,data\raw\benign\benign (174)_mask.png,True,1,490,556,272440
benign (175),benign,data\raw\benign\benign (175).png,data\raw\benign\benign (175)_mask.png,True,1,573,765,438345
benign (176),benign,data\raw\benign\benign (176).png,data\raw\benign\benign (176)_mask.png,True,1,487,715,348205
benign (177),benign,data\raw\benign\benign (177).png,data\raw\benign\benign (177)_mask.png,True,1,470,562,264140
benign (178),benign,data\raw\benign\benign (178).png,data\raw\benign\benign (178)_mask.png,True,1,576,772,444672
benign (179),benign,data\raw\benign\benign (179).png,data\raw\benign\benign (179)_mask.png,True,1,468,422,197496
benign (18),benign,data\raw\benign\benign (18).png,data\raw\benign\benign (18)_mask.png,True,1,469,564,264516
benign (180),benign,data\raw\benign\benign (180).png,data\raw\benign\benign (180)_mask.png,True,1,600,763,457800
benign (181),benign,data\raw\benign\benign (181).png,data\raw\benign\benign (181)_mask.png,True,2,455,733,333515
benign (182),benign,data\raw\benign\benign (182).png,data\raw\benign\benign (182)_mask.png,True,1,463,555,256965
benign (183),benign,data\raw\benign\benign (183).png,data\raw\benign\benign (183)_mask.png,True,1,683,916,625628
benign (184),benign,data\raw\benign\benign (184).png,data\raw\benign\benign (184)_mask.png,True,1,487,349,169963
benign (185),benign,data\raw\benign\benign (185).png,data\raw\benign\benign (185)_mask.png,True,1,592,752,445184
benign (186),benign,data\raw\benign\benign (186).png,data\raw\benign\benign (186)_mask.png,True,1,574,741,425334
benign (187),benign,data\raw\benign\benign (187).png,data\raw\benign\benign (187)_mask.png,True,1,574,730,419020
benign (188),benign,data\raw\benign\benign (188).png,data\raw\benign\benign (188)_mask.png,True,1,600,655,393000
benign (189),benign,data\raw\benign\benign (189).png,data\raw\benign\benign (189)_mask.png,True,1,465,544,252960
benign (19),benign,data\raw\benign\benign (19).png,data\raw\benign\benign (19)_mask.png,True,1,572,663,379236
benign (190),benign,data\raw\benign\benign (190).png,data\raw\benign\benign (190)_mask.png,True,1,470,734,344980
benign (191),benign,data\raw\benign\benign (191).png,data\raw\benign\benign (191)_mask.png,True,1,463,549,254187
benign (192),benign,data\raw\benign\benign (192).png,data\raw\benign\benign (192)_mask.png,True,1,474,557,264018
benign (193),benign,data\raw\benign\benign (193).png,data\raw\benign\benign (193)_mask.png,True,1,580,754,437320
benign (194),benign,data\raw\benign\benign (194).png,data\raw\benign\benign (194)_mask.png,True,1,492,711,349812
benign (195),benign,data\raw\benign\benign (195).png,data\raw\benign\benign (195)_mask.png,True,3,611,729,445419
benign (196),benign,data\raw\benign\benign (196).png,data\raw\benign\benign (196)_mask.png,True,1,580,766,444280
benign (197),benign,data\raw\benign\benign (197).png,data\raw\benign\benign (197)_mask.png,True,1,465,547,254355
benign (198),benign,data\raw\benign\benign (198).png,data\raw\benign\benign (198)_mask.png,True,1,571,759,433389
benign (199),benign,data\raw\benign\benign (199).png,data\raw\benign\benign (199)_mask.png,True,1,473,556,262988
benign (2),benign,data\raw\benign\benign (2).png,data\raw\benign\benign (2)_mask.png,True,1,473,557,263461
benign (20),benign,data\raw\benign\benign (20).png,data\raw\benign\benign (20)_mask.png,True,1,473,319,150887
benign (200),benign,data\raw\benign\benign (200).png,data\raw\benign\benign (200)_mask.png,True,1,473,554,262042
benign (201),benign,data\raw\benign\benign (201).png,data\raw\benign\benign (201)_mask.png,True,1,474,556,263544
benign (202),benign,data\raw\benign\benign (202).png,data\raw\benign\benign (202)_mask.png,True,1,469,552,258888
benign (203),benign,data\raw\benign\benign (203).png,data\raw\benign\benign (203)_mask.png,True,1,471,569,267999
benign (204),benign,data\raw\benign\benign (204).png,data\raw\benign\benign (204)_mask.png,True,1,476,560,266560
benign (205),benign,data\raw\benign\benign (205).png,data\raw\benign\benign (205)_mask.png,True,1,477,557,265689
benign (206),benign,data\raw\benign\benign (206).png,data\raw\benign\benign (206)_mask.png,True,1,485,569,275965
benign (207),benign,data\raw\benign\benign (207).png,data\raw\benign\benign (207)_mask.png,True,1,481,562,270322
benign (208),benign,data\raw\benign\benign (208).png,data\raw\benign\benign (208)_mask.png,True,1,479,562,269198
benign (209),benign,data\raw\benign\benign (209).png,data\raw\benign\benign (209)_mask.png,True,1,477,558,266166
benign (21),benign,data\raw\benign\benign (21).png,data\raw\benign\benign (21)_mask.png,True,1,451,558,251658
benign (210),benign,data\raw\benign\benign (210).png,data\raw\benign\benign (210)_mask.png,True,1,471,563,265173
benign (211),benign,data\raw\benign\benign (211).png,data\raw\benign\benign (211)_mask.png,True,1,465,557,259005
benign (212),benign,data\raw\benign\benign (212).png,data\raw\benign\benign (212)_mask.png,True,1,469,558,261702
benign (213),benign,data\raw\benign\benign (213).png,data\raw\benign\benign (213)_mask.png,True,1,486,573,278478
benign (214),benign,data\raw\benign\benign (214).png,data\raw\benign\benign (214)_mask.png,True,1,396,602,238392
benign (215),benign,data\raw\benign\benign (215).png,data\raw\benign\benign (215)_mask.png,True,1,396,600,237600
benign (216),benign,data\raw\benign\benign (216).png,data\raw\benign\benign (216)_mask.png,True,1,386,646,249356
benign (217),benign,data\raw\benign\benign (217).png,data\raw\benign\benign (217)_mask.png,True,1,396,603,238788
benign (218),benign,data\raw\benign\benign (218).png,data\raw\benign\benign (218)_mask.png,True,1,396,602,238392
benign (219),benign,data\raw\benign\benign (219).png,data\raw\benign\benign (219)_mask.png,True,1,396,608,240768
benign (22),benign,data\raw\benign\benign (22).png,data\raw\benign\benign (22)_mask.png,True,1,463,562,260206
benign (220),benign,data\raw\benign\benign (220).png,data\raw\benign\benign (220)_mask.png,True,1,396,609,241164
benign (221),benign,data\raw\benign\benign (221).png,data\raw\benign\benign (221)_mask.png,True,1,394,610,240340
benign (222),benign,data\raw\benign\benign (222).png,data\raw\benign\benign (222)_mask.png,True,1,392,605,237160
benign (223),benign,data\raw\benign\benign (223).png,data\raw\benign\benign (223)_mask.png,True,1,465,562,261330
benign (224),benign,data\raw\benign\benign (224).png,data\raw\benign\benign (224)_mask.png,True,1,469,568,266392
benign (225),benign,data\raw\benign\benign (225).png,data\raw\benign\benign (225)_mask.png,True,1,473,558,263934
benign (226),benign,data\raw\benign\benign (226).png,data\raw\benign\benign (226)_mask.png,True,1,469,555,260295
benign (227),benign,data\raw\benign\benign (227).png,data\raw\benign\benign (227)_mask.png,True,1,468,567,265356
benign (228),benign,data\raw\benign\benign (228).png,data\raw\benign\benign (228)_mask.png,True,1,469,563,264047
benign (229),benign,data\raw\benign\benign (229).png,data\raw\benign\benign (229)_mask.png,True,1,470,564,265080
benign (23),benign,data\raw\benign\benign (23).png,data\raw\benign\benign (23)_mask.png,True,1,583,779,454157
benign (230),benign,data\raw\benign\benign (230).png,data\raw\benign\benign (230)_mask.png,True,1,470,566,266020
benign (231),benign,data\raw\benign\benign (231).png,data\raw\benign\benign (231)_mask.png,True,1,472,561,264792
benign (232),benign,data\raw\benign\benign (232).png,data\raw\benign\benign (232)_mask.png,True,1,469,562,263578
benign (233),benign,data\raw\benign\benign (233).png,data\raw\benign\benign (233)_mask.png,True,1,471,557,262347
benign (234),benign,data\raw\benign\benign (234).png,data\raw\benign\benign (234)_mask.png,True,1,469,562,263578
benign (235),benign,data\raw\benign\benign (235).png,data\raw\benign\benign (235)_mask.png,True,1,468,560,262080
benign (236),benign,data\raw\benign\benign (236).png,data\raw\benign\benign (236)_mask.png,True,1,469,566,265454
benign (237),benign,data\raw\benign\benign (237).png,data\raw\benign\benign (237)_mask.png,True,1,473,558,263934
benign (238),benign,data\raw\benign\benign (238).png,data\raw\benign\benign (238)_mask.png,True,1,469,556,260764
benign (239),benign,data\raw\benign\benign (239).png,data\raw\benign\benign (239)_mask.png,True,1,473,560,264880
benign (24),benign,data\raw\benign\benign (24).png,data\raw\benign\benign (24)_mask.png,True,1,467,556,259652
benign (240),benign,data\raw\benign\benign (240).png,data\raw\benign\benign (240)_mask.png,True,1,473,556,262988
benign (241),benign,data\raw\benign\benign (241).png,data\raw\benign\benign (241)_mask.png,True,1,471,562,264702
benign (242),benign,data\raw\benign\benign (242).png,data\raw\benign\benign (242)_mask.png,True,1,474,556,263544
benign (243),benign,data\raw\benign\benign (243).png,data\raw\benign\benign (243)_mask.png,True,1,473,561,265353
benign (244),benign,data\raw\benign\benign (244).png,data\raw\benign\benign (244)_mask.png,True,1,475,561,266475
benign (245),benign,data\raw\benign\benign (245).png,data\raw\benign\benign (245)_mask.png,True,1,465,560,260400
benign (246),benign,data\raw\benign\benign (246).png,data\raw\benign\benign (246)_mask.png,True,1,331,526,174106
benign (247),benign,data\raw\benign\benign (247).png,data\raw\benign\benign (247)_mask.png,True,1,396,469,185724
benign (248),benign,data\raw\benign\benign (248).png,data\raw\benign\benign (248)_mask.png,True,1,385,472,181720
benign (249),benign,data\raw\benign\benign (249).png,data\raw\benign\benign (249)_mask.png,True,1,395,465,183675
benign (25),benign,data\raw\benign\benign (25).png,data\raw\benign\benign (25)_mask.png,True,2,583,770,448910
benign (250),benign,data\raw\benign\benign (250).png,data\raw\benign\benign (250)_mask.png,True,1,394,469,184786
benign (251),benign,data\raw\benign\benign (251).png,data\raw\benign\benign (251)_mask.png,True,1,387,467,180729
benign (252),benign,data\raw\benign\benign (252).png,data\raw\benign\benign (252)_mask.png,True,1,398,473,188254
benign (253),benign,data\raw\benign\benign (253).png,data\raw\benign\benign (253)_mask.png,True,1,383,463,177329
benign (254),benign,data\raw\benign\benign (254).png,data\raw\benign\benign (254)_mask.png,True,1,389,473,183997
benign (255),benign,data\raw\benign\benign (255).png,data\raw\benign\benign (255)_mask.png,True,1,389,473,183997
benign (256),benign,data\raw\benign\benign (256).png,data\raw\benign\benign (256)_mask.png,True,1,395,469,185255
benign (257),benign,data\raw\benign\benign (257).png,data\raw\benign\benign (257)_mask.png,True,1,392,467,183064
benign (258),benign,data\raw\benign\benign (258).png,data\raw\benign\benign (258)_mask.png,True,1,389,462,179718
benign (259),benign,data\raw\benign\benign (259).png,data\raw\benign\benign (259)_mask.png,True,1,390,465,181350
benign (26),benign,data\raw\benign\benign (26).png,data\raw\benign\benign (26)_mask.png,True,1,471,554,260934
benign (260),benign,data\raw\benign\benign (260).png,data\raw\benign\benign (260)_mask.png,True,1,331,498,164838
benign (261),benign,data\raw\benign\benign (261).png,data\raw\benign\benign (261)_mask.png,True,1,386,469,181034
benign (262),benign,data\raw\benign\benign (262).png,data\raw\benign\benign (262)_mask.png,True,1,401,471,188871
benign (263),benign,data\raw\benign\benign (263).png,data\raw\benign\benign (263)_mask.png,True,1,390,465,181350
benign (264),benign,data\raw\benign\benign (264).png,data\raw\benign\benign (264)_mask.png,True,1,391,462,180642
benign (265),benign,data\raw\benign\benign (265).png,data\raw\benign\benign (265)_mask.png,True,1,328,544,178432
benign (266),benign,data\raw\benign\benign (266).png,data\raw\benign\benign (266)_mask.png,True,1,389,462,179718
benign (267),benign,data\raw\benign\benign (267).png,data\raw\benign\benign (267)_mask.png,True,1,327,500,163500
benign (268),benign,data\raw\benign\benign (268).png,data\raw\benign\benign (268)_mask.png,True,1,330,506,166980
benign (269),benign,data\raw\benign\benign (269).png,data\raw\benign\benign (269)_mask.png,True,1,390,465,181350
benign (27),benign,data\raw\benign\benign (27).png,data\raw\benign\benign (27)_mask.png,True,1,576,774,445824
benign (270),benign,data\raw\benign\benign (270).png,data\raw\benign\benign (270)_mask.png,True,1,328,500,164000
benign (271),benign,data\raw\benign\benign (271).png,data\raw\benign\benign (271)_mask.png,True,1,324,510,165240
benign (272),benign,data\raw\benign\benign (272).png,data\raw\benign\benign (272)_mask.png,True,1,326,498,162348
benign (273),benign,data\raw\benign\benign (273).png,data\raw\benign\benign (273)_mask.png,True,1,469,560,262640
benign (274),benign,data\raw\benign\benign (274).png,data\raw\benign\benign (274)_mask.png,True,1,471,556,261876
benign (275),benign,data\raw\benign\benign (275).png,data\raw\benign\benign (275)_mask.png,True,1,463,556,257428
benign (276),benign,data\raw\benign\benign (276).png,data\raw\benign\benign (276)_mask.png,True,1,474,550,260700
benign (277),benign,data\raw\benign\benign (277).png,data\raw\benign\benign (277)_mask.png,True,1,469,556,260764
benign (278),benign,data\raw\benign\benign (278).png,data\raw\benign\benign (278)_mask.png,True,1,464,561,260304
benign (279),benign,data\raw\benign\benign (279).png,data\raw\benign\benign (279)_mask.png,True,1,467,551,257317
benign (28),benign,data\raw\benign\benign (28).png,data\raw\benign\benign (28)_mask.png,True,1,696,841,585336
benign (280),benign,data\raw\benign\benign (280).png,data\raw\benign\benign (280)_mask.png,True,1,471,556,261876
benign (281),benign,data\raw\benign\benign (281).png,data\raw\benign\benign (281)_mask.png,True,1,392,605,237160
benign (282),benign,data\raw\benign\benign (282).png,data\raw\benign\benign (282)_mask.png,True,1,465,560,260400
benign (283),benign,data\raw\benign\benign (283).png,data\raw\benign\benign (283)_mask.png,True,1,508,621,315468
benign (284),benign,data\raw\benign\benign (284).png,data\raw\benign\benign (284)_mask.png,True,1,497,622,309134
benign (285),benign,data\raw\benign\benign (285).png,data\raw\benign\benign (285)_mask.png,True,1,494,625,308750
benign (286),benign,data\raw\benign\benign (286).png,data\raw\benign\benign (286)_mask.png,True,1,490,620,303800
benign (287),benign,data\raw\benign\benign (287).png,data\raw\benign\benign (287)_mask.png,True,1,390,466,181740
benign (288),benign,data\raw\benign\benign (288).png,data\raw\benign\benign (288)_mask.png,True,1,390,463,180570
benign (289),benign,data\raw\benign\benign (289).png,data\raw\benign\benign (289)_mask.png,True,1,393,468,183924
benign (29),benign,data\raw\benign\benign (29).png,data\raw\benign\benign (29)_mask.png,True,1,462,561,259182
benign (290),benign,data\raw\benign\benign (290).png,data\raw\benign\benign (290)_mask.png,True,1,389,465,180885
benign (291),benign,data\raw\benign\benign (291).png,data\raw\benign\benign (291)_mask.png,True,1,404,462,186648
benign (292),benign,data\raw\benign\benign (292).png,data\raw\benign\benign (292)_mask.png,True,1,391,460,179860
benign (293),benign,data\raw\benign\benign (293).png,data\raw\benign\benign (293)_mask.png,True,1,389,473,183997
benign (294),benign,data\raw\benign\benign (294).png,data\raw\benign\benign (294)_mask.png,True,1,394,469,184786
benign (295),benign,data\raw\benign\benign (295).png,data\raw\benign\benign (295)_mask.png,True,1,387,472,182664
benign (296),benign,data\raw\benign\benign (296).png,data\raw\benign\benign (296)_mask.png,True,1,328,503,164984
benign (297),benign,data\raw\benign\benign (297).png,data\raw\benign\benign (297)_mask.png,True,1,390,467,182130
benign (298),benign,data\raw\benign\benign (298).png,data\raw\benign\benign (298)_mask.png,True,1,391,466,182206
benign (299),benign,data\raw\benign\benign (299).png,data\raw\benign\benign (299)_mask.png,True,1,392,463,181496
benign (3),benign,data\raw\benign\benign (3).png,data\raw\benign\benign (3)_mask.png,True,1,471,558,262818
benign (30),benign,data\raw\benign\benign (30).png,data\raw\benign\benign (30)_mask.png,True,1,462,557,257334
benign (300),benign,data\raw\benign\benign (300).png,data\raw\benign\benign (300)_mask.png,True,1,387,463,179181
benign (301),benign,data\raw\benign\benign (301).png,data\raw\benign\benign (301)_mask.png,True,1,383,463,177329
benign (302),benign,data\raw\benign\benign (302).png,data\raw\benign\benign (302)_mask.png,True,1,390,466,181740
benign (303),benign,data\raw\benign\benign (303).png,data\raw\benign\benign (303)_mask.png,True,1,398,463,184274
benign (304),benign,data\raw\benign\benign (304).png,data\raw\benign\benign (304)_mask.png,True,1,387,467,180729
benign (305),benign,data\raw\benign\benign (305).png,data\raw\benign\benign (305)_mask.png,True,1,389,466,181274
benign (306),benign,data\raw\benign\benign (306).png,data\raw\benign\benign (306)_mask.png,True,1,386,471,181806
benign (307),benign,data\raw\benign\benign (307).png,data\raw\benign\benign (307)_mask.png,True,1,587,775,454925
benign (308),benign,data\raw\benign\benign (308).png,data\raw\benign\benign (308)_mask.png,True,1,468,552,258336
benign (309),benign,data\raw\benign\benign (309).png,data\raw\benign\benign (309)_mask.png,True,1,487,769,374503
benign (31),benign,data\raw\benign\benign (31).png,data\raw\benign\benign (31)_mask.png,True,1,467,557,260119
benign (310),benign,data\raw\benign\benign (310).png,data\raw\benign\benign (310)_mask.png,True,1,468,544,254592
benign (311),benign,data\raw\benign\benign (311).png,data\raw\benign\benign (311)_mask.png,True,1,496,549,272304
benign (312),benign,data\raw\benign\benign (312).png,data\raw\benign\benign (312)_mask.png,True,1,490,552,270480
benign (313),benign,data\raw\benign\benign (313).png,data\raw\benign\benign (313)_mask.png,True,1,468,555,259740
benign (314),benign,data\raw\benign\benign (314).png,data\raw\benign\benign (314)_mask.png,True,1,493,554,273122
benign (315),benign,data\raw\benign\benign (315).png,data\raw\benign\benign (315)_mask.png,True,2,470,551,258970
benign (316),benign,data\raw\benign\benign (316).png,data\raw\benign\benign (316)_mask.png,True,1,469,550,257950
benign (317),benign,data\raw\benign\benign (317).png,data\raw\benign\benign (317)_mask.png,True,1,491,551,270541
benign (318),benign,data\raw\benign\benign (318).png,data\raw\benign\benign (318)_mask.png,True,1,465,554,257610
benign (319),benign,data\raw\benign\benign (319).png,data\raw\benign\benign (319)_mask.png,True,1,467,560,261520
benign (32),benign,data\raw\benign\benign (32).png,data\raw\benign\benign (32)_mask.png,True,1,611,656,400816
benign (320),benign,data\raw\benign\benign (320).png,data\raw\benign\benign (320)_mask.png,True,1,475,558,265050
benign (321),benign,data\raw\benign\benign (321).png,data\raw\benign\benign (321)_mask.png,True,1,467,546,254982
benign (322),benign,data\raw\benign\benign (322).png,data\raw\benign\benign (322)_mask.png,True,1,491,555,272505
benign (323),benign,data\raw\benign\benign (323).png,data\raw\benign\benign (323)_mask.png,True,1,468,560,262080
benign (324),benign,data\raw\benign\benign (324).png,data\raw\benign\benign (324)_mask.png,True,1,583,626,364958
benign (325),benign,data\raw\benign\benign (325).png,data\raw\benign\benign (325)_mask.png,True,1,583,613,357379
benign (326),benign,data\raw\benign\benign (326).png,data\raw\benign\benign (326)_mask.png,True,1,619,754,466726
benign (327),benign,data\raw\benign\benign (327).png,data\raw\benign\benign (327)_mask.png,True,1,578,689,398242
benign (328),benign,data\raw\benign\benign (328).png,data\raw\benign\benign (328)_mask.png,True,1,567,685,388395
benign (329),benign,data\raw\benign\benign (329).png,data\raw\benign\benign (329)_mask.png,True,1,576,665,383040
benign (33),benign,data\raw\benign\benign (33).png,data\raw\benign\benign (33)_mask.png,True,1,468,556,260208
benign (330),benign,data\raw\benign\benign (330).png,data\raw\benign\benign (330)_mask.png,True,1,567,669,379323
benign (331),benign,data\raw\benign\benign (331).png,data\raw\benign\benign (331)_mask.png,True,1,527,695,366265
benign (332),benign,data\raw\benign\benign (332).png,data\raw\benign\benign (332)_mask.png,True,1,531,703,373293
benign (333),benign,data\raw\benign\benign (333).png,data\raw\benign\benign (333)_mask.png,True,1,569,777,442113
benign (334),benign,data\raw\benign\benign (334).png,data\raw\benign\benign (334)_mask.png,True,1,426,589,250914
benign (335),benign,data\raw\benign\benign (335).png,data\raw\benign\benign (335)_mask.png,True,1,559,681,380679
benign (336),benign,data\raw\benign\benign (336).png,data\raw\benign\benign (336)_mask.png,True,1,585,783,458055
benign (337),benign,data\raw\benign\benign (337).png,data\raw\benign\benign (337)_mask.png,True,1,487,555,270285
benign (338),benign,data\raw\benign\benign (338).png,data\raw\benign\benign (338)_mask.png,True,1,382,611,233402
benign (339),benign,data\raw\benign\benign (339).png,data\raw\benign\benign (339)_mask.png,True,1,465,557,259005
benign (34),benign,data\raw\benign\benign (34).png,data\raw\benign\benign (34)_mask.png,True,1,471,558,262818
benign (340),benign,data\raw\benign\benign (340).png,data\raw\benign\benign (340)_mask.png,True,1,425,770,327250
benign (341),benign,data\raw\benign\benign (341).png,data\raw\benign\benign (341)_mask.png,True,1,562,683,383846
benign (342),benign,data\raw\benign\benign (342).png,data\raw\benign\benign (342)_mask.png,True,1,431,581,250411
benign (343),benign,data\raw\benign\benign (343).png,data\raw\benign\benign (343)_mask.png,True,1,467,564,263388
benign (344),benign,data\raw\benign\benign (344).png,data\raw\benign\benign (344)_mask.png,True,1,434,576,249984
benign (345),benign,data\raw\benign\benign (345).png,data\raw\benign\benign (345)_mask.png,True,1,466,566,263756
benign (346),benign,data\raw\benign\benign (346).png,data\raw\benign\benign (346)_mask.png,True,2,373,610,227530
benign (347),benign,data\raw\benign\benign (347).png,data\raw\benign\benign (347)_mask.png,True,1,683,605,413215
benign (348),benign,data\raw\benign\benign (348).png,data\raw\benign\benign (348)_mask.png,True,1,565,1028,580820
benign (349),benign,data\raw\benign\benign (349).png,data\raw\benign\benign (349)_mask.png,True,1,471,555,261405
benign (35),benign,data\raw\benign\benign (35).png,data\raw\benign\benign (35)_mask.png,True,1,476,556,264656
benign (350),benign,data\raw\benign\benign (350).png,data\raw\benign\benign (350)_mask.png,True,1,580,786,455880
benign (351),benign,data\raw\benign\benign (351).png,data\raw\benign\benign (351)_mask.png,True,1,429,585,250965
benign (352),benign,data\raw\benign\benign (352).png,data\raw\benign\benign (352)_mask.png,True,1,428,573,245244
benign (353),benign,data\raw\benign\benign (353).png,data\raw\benign\benign (353)_mask.png,True,1,583,680,396440
benign (354),benign,data\raw\benign\benign (354).png,data\raw\benign\benign (354)_mask.png,True,1,605,606,366630
benign (355),benign,data\raw\benign\benign (355).png,data\raw\benign\benign (355)_mask.png,True,1,562,675,379350
benign (356),benign,data\raw\benign\benign (356).png,data\raw\benign\benign (356)_mask.png,True,1,468,556,260208
benign (357),benign,data\raw\benign\benign (357).png,data\raw\benign\benign (357)_mask.png,True,1,429,581,249249
benign (358),benign,data\raw\benign\benign (358).png,data\raw\benign\benign (358)_mask.png,True,1,467,555,259185
benign (359),benign,data\raw\benign\benign (359).png,data\raw\benign\benign (359)_mask.png,True,1,462,567,261954
benign (36),benign,data\raw\benign\benign (36).png,data\raw\benign\benign (36)_mask.png,True,1,474,526,249324
benign (360),benign,data\raw\benign\benign (360).png,data\raw\benign\benign (360)_mask.png,True,1,574,683,392042
benign (361),benign,data\raw\benign\benign (361).png,data\raw\benign\benign (361)_mask.png,True,1,470,558,262260
benign (362),benign,data\raw\benign\benign (362).png,data\raw\benign\benign (362)_mask.png,True,1,464,557,258448
benign (363),benign,data\raw\benign\benign (363).png,data\raw\benign\benign (363)_mask.png,True,1,433,586,253738
benign (364),benign,data\raw\benign\benign (364).png,data\raw\benign\benign (364)_mask.png,True,1,465,557,259005
benign (365),benign,data\raw\benign\benign (365).png,data\raw\benign\benign (365)_mask.png,True,1,431,582,250842
benign (366),benign,data\raw\benign\benign (366).png,data\raw\benign\benign (366)_mask.png,True,1,463,562,260206
benign (367),benign,data\raw\benign\benign (367).png,data\raw\benign\benign (367)_mask.png,True,1,462,560,258720
benign (368),benign,data\raw\benign\benign (368).png,data\raw\benign\benign (368)_mask.png,True,1,575,689,396175
benign (369),benign,data\raw\benign\benign (369).png,data\raw\benign\benign (369)_mask.png,True,1,581,772,448532
benign (37),benign,data\raw\benign\benign (37).png,data\raw\benign\benign (37)_mask.png,True,1,468,557,260676
benign (370),benign,data\raw\benign\benign (370).png,data\raw\benign\benign (370)_mask.png,True,1,458,549,251442
benign (371),benign,data\raw\benign\benign (371).png,data\raw\benign\benign (371)_mask.png,True,1,589,756,445284
benign (372),benign,data\raw\benign\benign (372).png,data\raw\benign\benign (372)_mask.png,True,1,469,544,255136
benign (373),benign,data\raw\benign\benign (373).png,data\raw\benign\benign (373)_mask.png,True,1,457,555,253635
benign (374),benign,data\raw\benign\benign (374).png,data\raw\benign\benign (374)_mask.png,True,1,468,544,254592
benign (375),benign,data\raw\benign\benign (375).png,data\raw\benign\benign (375)_mask.png,True,1,571,775,442525
benign (376),benign,data\raw\benign\benign (376).png,data\raw\benign\benign (376)_mask.png,True,1,467,546,254982
benign (377),benign,data\raw\benign\benign (377).png,data\raw\benign\benign (377)_mask.png,True,1,578,752,434656
benign (378),benign,data\raw\benign\benign (378).png,data\raw\benign\benign (378)_mask.png,True,1,464,548,254272
benign (379),benign,data\raw\benign\benign (379).png,data\raw\benign\benign (379)_mask.png,True,1,583,1010,588830
benign (38),benign,data\raw\benign\benign (38).png,data\raw\benign\benign (38)_mask.png,True,1,484,550,266200
benign (380),benign,data\raw\benign\benign (380).png,data\raw\benign\benign (380)_mask.png,True,1,572,750,429000
benign (381),benign,data\raw\benign\benign (381).png,data\raw\benign\benign (381)_mask.png,True,1,576,747,430272
benign (382),benign,data\raw\benign\benign (382).png,data\raw\benign\benign (382)_mask.png,True,1,475,730,346750
benign (383),benign,data\raw\benign\benign (383).png,data\raw\benign\benign (383)_mask.png,True,1,493,552,272136
benign (384),benign,data\raw\benign\benign (384).png,data\raw\benign\benign (384)_mask.png,True,1,425,760,323000
benign (385),benign,data\raw\benign\benign (385).png,data\raw\benign\benign (385)_mask.png,True,1,458,551,252358
benign (386),benign,data\raw\benign\benign (386).png,data\raw\benign\benign (386)_mask.png,True,1,578,768,443904
benign (387),benign,data\raw\benign\benign (387).png,data\raw\benign\benign (387)_mask.png,True,1,486,549,266814
benign (388),benign,data\raw\benign\benign (388).png,data\raw\benign\benign (388)_mask.png,True,1,572,763,436436
benign (389),benign,data\raw\benign\benign (389).png,data\raw\benign\benign (389)_mask.png,True,1,567,927,525609
benign (39),benign,data\raw\benign\benign (39).png,data\raw\benign\benign (39)_mask.png,True,1,433,578,250274
benign (390),benign,data\raw\benign\benign (390).png,data\raw\benign\benign (390)_mask.png,True,1,583,779,454157
benign (391),benign,data\raw\benign\benign (391).png,data\raw\benign\benign (391)_mask.png,True,1,578,687,397086
benign (392),benign,data\raw\benign\benign (392).png,data\raw\benign\benign (392)_mask.png,True,1,477,729,347733
benign (393),benign,data\raw\benign\benign (393).png,data\raw\benign\benign (393)_mask.png,True,1,583,685,399355
benign (394),benign,data\raw\benign\benign (394).png,data\raw\benign\benign (394)_mask.png,True,1,468,558,261144
benign (395),benign,data\raw\benign\benign (395).png,data\raw\benign\benign (395)_mask.png,True,1,576,615,354240
benign (396),benign,data\raw\benign\benign (396).png,data\raw\benign\benign (396)_mask.png,True,1,474,420,199080
benign (397),benign,data\raw\benign\benign (397).png,data\raw\benign\benign (397)_mask.png,True,1,470,554,260380
benign (398),benign,data\raw\benign\benign (398).png,data\raw\benign\benign (398)_mask.png,True,1,469,563,264047
benign (399),benign,data\raw\benign\benign (399).png,data\raw\benign\benign (399)_mask.png,True,1,468,555,259740
benign (4),benign,data\raw\benign\benign (4).png,data\raw\benign\benign (4)_mask.png,True,2,465,555,258075
benign (40),benign,data\raw\benign\benign (40).png,data\raw\benign\benign (40)_mask.png,True,1,526,706,371356
benign (400),benign,data\raw\benign\benign (400).png,data\raw\benign\benign (400)_mask.png,True,1,580,779,451820
benign (401),benign,data\raw\benign\benign (401).png,data\raw\benign\benign (401)_mask.png,True,1,469,557,261233
benign (402),benign,data\raw\benign\benign (402).png,data\raw\benign\benign (402)_mask.png,True,1,469,561,263109
benign (403),benign,data\raw\benign\benign (403).png,data\raw\benign\benign (403)_mask.png,True,1,467,549,256383
benign (404),benign,data\raw\benign\benign (404).png,data\raw\benign\benign (404)_mask.png,True,1,578,772,446216
benign (405),benign,data\raw\benign\benign (405).png,data\raw\benign\benign (405)_mask.png,True,1,465,566,263190
benign (406),benign,data\raw\benign\benign (406).png,data\raw\benign\benign (406)_mask.png,True,1,463,563,260669
benign (407),benign,data\raw\benign\benign (407).png,data\raw\benign\benign (407)_mask.png,True,1,467,560,261520
benign (408),benign,data\raw\benign\benign (408).png,data\raw\benign\benign (408)_mask.png,True,1,465,554,257610
benign (409),benign,data\raw\benign\benign (409).png,data\raw\benign\benign (409)_mask.png,True,1,466,558,260028
benign (41),benign,data\raw\benign\benign (41).png,data\raw\benign\benign (41)_mask.png,True,1,484,550,266200
benign (410),benign,data\raw\benign\benign (410).png,data\raw\benign\benign (410)_mask.png,True,1,468,558,261144
benign (411),benign,data\raw\benign\benign (411).png,data\raw\benign\benign (411)_mask.png,True,1,587,602,353374
benign (412),benign,data\raw\benign\benign (412).png,data\raw\benign\benign (412)_mask.png,True,1,576,779,448704
benign (413),benign,data\raw\benign\benign (413).png,data\raw\benign\benign (413)_mask.png,True,1,478,433,206974
benign (414),benign,data\raw\benign\benign (414).png,data\raw\benign\benign (414)_mask.png,True,1,703,812,570836
benign (415),benign,data\raw\benign\benign (415).png,data\raw\benign\benign (415)_mask.png,True,1,578,781,451418
benign (416),benign,data\raw\benign\benign (416).png,data\raw\benign\benign (416)_mask.png,True,1,574,878,503972
benign (417),benign,data\raw\benign\benign (417).png,data\raw\benign\benign (417)_mask.png,True,1,416,599,249184
benign (418),benign,data\raw\benign\benign (418).png,data\raw\benign\benign (418)_mask.png,True,1,414,607,251298
benign (419),benign,data\raw\benign\benign (419).png,data\raw\benign\benign (419)_mask.png,True,1,574,772,443128
benign (42),benign,data\raw\benign\benign (42).png,data\raw\benign\benign (42)_mask.png,True,1,437,581,253897
benign (420),benign,data\raw\benign\benign (420).png,data\raw\benign\benign (420)_mask.png,True,1,574,768,440832
benign (421),benign,data\raw\benign\benign (421).png,data\raw\benign\benign (421)_mask.png,True,1,487,551,268337
benign (422),benign,data\raw\benign\benign (422).png,data\raw\benign\benign (422)_mask.png,True,1,487,768,374016
benign (423),benign,data\raw\benign\benign (423).png,data\raw\benign\benign (423)_mask.png,True,1,470,561,263670
benign (424),benign,data\raw\benign\benign (424).png,data\raw\benign\benign (424)_mask.png,True,2,469,544,255136
benign (425),benign,data\raw\benign\benign (425).png,data\raw\benign\benign (425)_mask.png,True,1,469,544,255136
benign (426),benign,data\raw\benign\benign (426).png,data\raw\benign\benign (426)_mask.png,True,1,465,549,255285
benign (427),benign,data\raw\benign\benign (427).png,data\raw\benign\benign (427)_mask.png,True,1,380,780,296400
benign (428),benign,data\raw\benign\benign (428).png,data\raw\benign\benign (428)_mask.png,True,1,382,769,293758
benign (429),benign,data\raw\benign\benign (429).png,data\raw\benign\benign (429)_mask.png,True,1,437,582,254334
benign (43),benign,data\raw\benign\benign (43).png,data\raw\benign\benign (43)_mask.png,True,1,495,554,274230
benign (430),benign,data\raw\benign\benign (430).png,data\raw\benign\benign (430)_mask.png,True,1,581,768,446208
benign (431),benign,data\raw\benign\benign (431).png,data\raw\benign\benign (431)_mask.png,True,1,431,582,250842
benign (432),benign,data\raw\benign\benign (432).png,data\raw\benign\benign (432)_mask.png,True,1,394,469,184786
benign (433),benign,data\raw\benign\benign (433).png,data\raw\benign\benign (433)_mask.png,True,1,462,550,254100
benign (434),benign,data\raw\benign\benign (434).png,data\raw\benign\benign (434)_mask.png,True,1,609,501,305109
benign (435),benign,data\raw\benign\benign (435).png,data\raw\benign\benign (435)_mask.png,True,1,469,552,258888
benign (436),benign,data\raw\benign\benign (436).png,data\raw\benign\benign (436)_mask.png,True,1,474,502,237948
benign (437),benign,data\raw\benign\benign (437).png,data\raw\benign\benign (437)_mask.png,True,1,585,768,449280
benign (44),benign,data\raw\benign\benign (44).png,data\raw\benign\benign (44)_mask.png,True,1,580,777,450660
benign (45),benign,data\raw\benign\benign (45).png,data\raw\benign\benign (45)_mask.png,True,1,580,775,449500
benign (46),benign,data\raw\benign\benign (46).png,data\raw\benign\benign (46)_mask.png,True,1,468,561,262548
benign (47),benign,data\raw\benign\benign (47).png,data\raw\benign\benign (47)_mask.png,True,1,585,763,446355
benign (48),benign,data\raw\benign\benign (48).png,data\raw\benign\benign (48)_mask.png,True,1,583,775,451825
benign (49),benign,data\raw\benign\benign (49).png,data\raw\benign\benign (49)_mask.png,True,1,576,777,447552
benign (5),benign,data\raw\benign\benign (5).png,data\raw\benign\benign (5)_mask.png,True,1,496,549,272304
benign (50),benign,data\raw\benign\benign (50).png,data\raw\benign\benign (50)_mask.png,True,1,581,884,513604
benign (51),benign,data\raw\benign\benign (51).png,data\raw\benign\benign (51)_mask.png,True,1,338,357,120666
benign (52),benign,data\raw\benign\benign (52).png,data\raw\benign\benign (52)_mask.png,True,1,338,370,125060
benign (53),benign,data\raw\benign\benign (53).png,data\raw\benign\benign (53)_mask.png,True,1,492,552,271584
benign (54),benign,data\raw\benign\benign (54).png,data\raw\benign\benign (54)_mask.png,True,2,468,616,288288
benign (55),benign,data\raw\benign\benign (55).png,data\raw\benign\benign (55)_mask.png,True,1,614,763,468482
benign (56),benign,data\raw\benign\benign (56).png,data\raw\benign\benign (56)_mask.png,True,1,711,806,573066
benign (57),benign,data\raw\benign\benign (57).png,data\raw\benign\benign (57)_mask.png,True,1,470,555,260850
benign (58),benign,data\raw\benign\benign (58).png,data\raw\benign\benign (58)_mask.png,True,2,572,781,446732
benign (59),benign,data\raw\benign\benign (59).png,data\raw\benign\benign (59)_mask.png,True,1,468,563,263484
benign (6),benign,data\raw\benign\benign (6).png,data\raw\benign\benign (6)_mask.png,True,1,467,558,260586
benign (60),benign,data\raw\benign\benign (60).png,data\raw\benign\benign (60)_mask.png,True,1,598,759,453882
benign (61),benign,data\raw\benign\benign (61).png,data\raw\benign\benign (61)_mask.png,True,1,578,773,446794
benign (62),benign,data\raw\benign\benign (62).png,data\raw\benign\benign (62)_mask.png,True,1,594,389,231066
benign (63),benign,data\raw\benign\benign (63).png,data\raw\benign\benign (63)_mask.png,True,1,660,608,401280
benign (64),benign,data\raw\benign\benign (64).png,data\raw\benign\benign (64)_mask.png,True,1,471,610,287310
benign (65),benign,data\raw\benign\benign (65).png,data\raw\benign\benign (65)_mask.png,True,1,474,564,267336
benign (66),benign,data\raw\benign\benign (66).png,data\raw\benign\benign (66)_mask.png,True,1,473,562,265826
benign (67),benign,data\raw\benign\benign (67).png,data\raw\benign\benign (67)_mask.png,True,1,467,516,240972
benign (68),benign,data\raw\benign\benign (68).png,data\raw\benign\benign (68)_mask.png,True,1,587,682,400334
benign (69),benign,data\raw\benign\benign (69).png,data\raw\benign\benign (69)_mask.png,True,1,719,811,583109
benign (7),benign,data\raw\benign\benign (7).png,data\raw\benign\benign (7)_mask.png,True,1,578,624,360672
benign (70),benign,data\raw\benign\benign (70).png,data\raw\benign\benign (70)_mask.png,True,1,475,713,338675
benign (71),benign,data\raw\benign\benign (71).png,data\raw\benign\benign (71)_mask.png,True,1,469,554,259826
benign (72),benign,data\raw\benign\benign (72).png,data\raw\benign\benign (72)_mask.png,True,1,465,557,259005
benign (73),benign,data\raw\benign\benign (73).png,data\raw\benign\benign (73)_mask.png,True,1,471,557,262347
benign (74),benign,data\raw\benign\benign (74).png,data\raw\benign\benign (74)_mask.png,True,1,467,561,261987
benign (75),benign,data\raw\benign\benign (75).png,data\raw\benign\benign (75)_mask.png,True,1,578,685,395930
benign (76),benign,data\raw\benign\benign (76).png,data\raw\benign\benign (76)_mask.png,True,1,685,848,580880
benign (77),benign,data\raw\benign\benign (77).png,data\raw\benign\benign (77)_mask.png,True,1,488,551,268888
benign (78),benign,data\raw\benign\benign (78).png,data\raw\benign\benign (78)_mask.png,True,1,576,777,447552
benign (79),benign,data\raw\benign\benign (79).png,data\raw\benign\benign (79)_mask.png,True,1,604,648,391392
benign (8),benign,data\raw\benign\benign (8).png,data\raw\benign\benign (8)_mask.png,True,1,585,617,360945
benign (80),benign,data\raw\benign\benign (80).png,data\raw\benign\benign (80)_mask.png,True,1,473,561,265353
benign (81),benign,data\raw\benign\benign (81).png,data\raw\benign\benign (81)_mask.png,True,1,464,563,261232
benign (82),benign,data\raw\benign\benign (82).png,data\raw\benign\benign (82)_mask.png,True,1,458,656,300448
benign (83),benign,data\raw\benign\benign (83).png,data\raw\benign\benign (83)_mask.png,True,2,432,581,250992
benign (84),benign,data\raw\benign\benign (84).png,data\raw\benign\benign (84)_mask.png,True,1,510,839,427890
benign (85),benign,data\raw\benign\benign (85).png,data\raw\benign\benign (85)_mask.png,True,1,465,561,260865
benign (86),benign,data\raw\benign\benign (86).png,data\raw\benign\benign (86)_mask.png,True,1,578,777,449106
benign (87),benign,data\raw\benign\benign (87).png,data\raw\benign\benign (87)_mask.png,True,1,571,768,438528
benign (88),benign,data\raw\benign\benign (88).png,data\raw\benign\benign (88)_mask.png,True,1,560,873,488880
benign (89),benign,data\raw\benign\benign (89).png,data\raw\benign\benign (89)_mask.png,True,1,576,893,514368
benign (9),benign,data\raw\benign\benign (9).png,data\raw\benign\benign (9)_mask.png,True,1,585,752,439920
benign (90),benign,data\raw\benign\benign (90).png,data\raw\benign\benign (90)_mask.png,True,1,574,772,443128
benign (91),benign,data\raw\benign\benign (91).png,data\raw\benign\benign (91)_mask.png,True,1,704,806,567424
benign (92),benign,data\raw\benign\benign (92).png,data\raw\benign\benign (92)_mask.png,True,2,612,763,466956
benign (93),benign,data\raw\benign\benign (93).png,data\raw\benign\benign (93)_mask.png,True,2,466,561,261426
benign (94),benign,data\raw\benign\benign (94).png,data\raw\benign\benign (94)_mask.png,True,1,583,767,447161
benign (95),benign,data\raw\benign\benign (95).png,data\raw\benign\benign (95)_mask.png,True,1,470,558,262260
benign (96),benign,data\raw\benign\benign (96).png,data\raw\benign\benign (96)_mask.png,True,1,574,767,440258
benign (97),benign,data\raw\benign\benign (97).png,data\raw\benign\benign (97)_mask.png,True,1,470,592,278240
benign (98),benign,data\raw\benign\benign (98).png,data\raw\benign\benign (98)_mask.png,True,2,558,795,443610
benign (99),benign,data\raw\benign\benign (99).png,data\raw\benign\benign (99)_mask.png,True,1,471,554,260934
malignant (1),malignant,data\raw\malignant\malignant (1).png,data\raw\malignant\malignant (1)_mask.png,True,1,598,449,268502
malignant (10),malignant,data\raw\malignant\malignant (10).png,data\raw\malignant\malignant (10)_mask.png,True,1,393,462,181566
malignant (100),malignant,data\raw\malignant\malignant (100).png,data\raw\malignant\malignant (100)_mask.png,True,1,476,557,265132
malignant (101),malignant,data\raw\malignant\malignant (101).png,data\raw\malignant\malignant (101)_mask.png,True,1,559,883,493597
malignant (102),malignant,data\raw\malignant\malignant (102).png,data\raw\malignant\malignant (102)_mask.png,True,1,551,916,504716
malignant (103),malignant,data\raw\malignant\malignant (103).png,data\raw\malignant\malignant (103)_mask.png,True,1,488,555,270840
malignant (104),malignant,data\raw\malignant\malignant (104).png,data\raw\malignant\malignant (104)_mask.png,True,1,494,554,273676
malignant (105),malignant,data\raw\malignant\malignant (105).png,data\raw\malignant\malignant (105)_mask.png,True,1,450,577,259650
malignant (106),malignant,data\raw\malignant\malignant (106).png,data\raw\malignant\malignant (106)_mask.png,True,1,458,667,305486
malignant (107),malignant,data\raw\malignant\malignant (107).png,data\raw\malignant\malignant (107)_mask.png,True,1,454,576,261504
malignant (108),malignant,data\raw\malignant\malignant (108).png,data\raw\malignant\malignant (108)_mask.png,True,1,459,660,302940
malignant (109),malignant,data\raw\malignant\malignant (109).png,data\raw\malignant\malignant (109)_mask.png,True,1,471,552,259992
malignant (11),malignant,data\raw\malignant\malignant (11).png,data\raw\malignant\malignant (11)_mask.png,True,1,393,471,185103
malignant (110),malignant,data\raw\malignant\malignant (110).png,data\raw\malignant\malignant (110)_mask.png,True,1,470,557,261790
malignant (111),malignant,data\raw\malignant\malignant (111).png,data\raw\malignant\malignant (111)_mask.png,True,1,470,421,197870
malignant (112),malignant,data\raw\malignant\malignant (112).png,data\raw\malignant\malignant (112)_mask.png,True,1,471,549,258579
malignant (113),malignant,data\raw\malignant\malignant (113).png,data\raw\malignant\malignant (113)_mask.png,True,1,482,745,359090
malignant (114),malignant,data\raw\malignant\malignant (114).png,data\raw\malignant\malignant (114)_mask.png,True,1,439,340,149260
malignant (115),malignant,data\raw\malignant\malignant (115).png,data\raw\malignant\malignant (115)_mask.png,True,1,438,581,254478
malignant (116),malignant,data\raw\malignant\malignant (116).png,data\raw\malignant\malignant (116)_mask.png,True,1,434,582,252588
malignant (117),malignant,data\raw\malignant\malignant (117).png,data\raw\malignant\malignant (117)_mask.png,True,1,434,611,265174
malignant (118),malignant,data\raw\malignant\malignant (118).png,data\raw\malignant\malignant (118)_mask.png,True,1,473,562,265826
malignant (119),malignant,data\raw\malignant\malignant (119).png,data\raw\malignant\malignant (119)_mask.png,True,1,469,564,264516
malignant (12),malignant,data\raw\malignant\malignant (12).png,data\raw\malignant\malignant (12)_mask.png,True,1,392,479,187768
malignant (120),malignant,data\raw\malignant\malignant (120).png,data\raw\malignant\malignant (120)_mask.png,True,1,470,564,265080
malignant (121),malignant,data\raw\malignant\malignant (121).png,data\raw\malignant\malignant (121)_mask.png,True,1,476,562,267512
malignant (122),malignant,data\raw\malignant\malignant (122).png,data\raw\malignant\malignant (122)_mask.png,True,1,467,554,258718
malignant (123),malignant,data\raw\malignant\malignant (123).png,data\raw\malignant\malignant (123)_mask.png,True,1,483,321,155043
malignant (124),malignant,data\raw\malignant\malignant (124).png,data\raw\malignant\malignant (124)_mask.png,True,1,494,545,269230
malignant (125),malignant,data\raw\malignant\malignant (125).png,data\raw\malignant\malignant (125)_mask.png,True,1,465,557,259005
malignant (126),malignant,data\raw\malignant\malignant (126).png,data\raw\malignant\malignant (126)_mask.png,True,1,478,557,266246
malignant (127),malignant,data\raw\malignant\malignant (127).png,data\raw\malignant\malignant (127)_mask.png,True,1,464,591,274224
malignant (128),malignant,data\raw\malignant\malignant (128).png,data\raw\malignant\malignant (128)_mask.png,True,1,468,625,292500
malignant (129),malignant,data\raw\malignant\malignant (129).png,data\raw\malignant\malignant (129)_mask.png,True,1,458,569,260602
malignant (13),malignant,data\raw\malignant\malignant (13).png,data\raw\malignant\malignant (13)_mask.png,True,1,393,468,183924
malignant (130),malignant,data\raw\malignant\malignant (130).png,data\raw\malignant\malignant (130)_mask.png,True,1,463,555,256965
malignant (131),malignant,data\raw\malignant\malignant (131).png,data\raw\malignant\malignant (131)_mask.png,True,1,461,604,278444
malignant (132),malignant,data\raw\malignant\malignant (132).png,data\raw\malignant\malignant (132)_mask.png,True,1,581,451,262031
malignant (133),malignant,data\raw\malignant\malignant (133).png,data\raw\malignant\malignant (133)_mask.png,True,1,485,479,232315
malignant (134),malignant,data\raw\malignant\malignant (134).png,data\raw\malignant\malignant (134)_mask.png,True,1,467,556,259652
malignant (135),malignant,data\raw\malignant\malignant (135).png,data\raw\malignant\malignant (135)_mask.png,True,1,571,933,532743
malignant (136),malignant,data\raw\malignant\malignant (136).png,data\raw\malignant\malignant (136)_mask.png,True,1,335,190,63650
malignant (137),malignant,data\raw\malignant\malignant (137).png,data\raw\malignant\malignant (137)_mask.png,True,1,339,233,78987
malignant (138),malignant,data\raw\malignant\malignant (138).png,data\raw\malignant\malignant (138)_mask.png,True,1,467,556,259652
malignant (139),malignant,data\raw\malignant\malignant (139).png,data\raw\malignant\malignant (139)_mask.png,True,1,474,549,260226
malignant (14),malignant,data\raw\malignant\malignant (14).png,data\raw\malignant\malignant (14)_mask.png,True,1,398,273,108654
malignant (140),malignant,data\raw\malignant\malignant (140).png,data\raw\malignant\malignant (140)_mask.png,True,1,463,546,252798
malignant (141),malignant,data\raw\malignant\malignant (141).png,data\raw\malignant\malignant (141)_mask.png,True,1,434,588,255192
malignant (142),malignant,data\raw\malignant\malignant (142).png,data\raw\malignant\malignant (142)_mask.png,True,1,465,556,258540
malignant (143),malignant,data\raw\malignant\malignant (143).png,data\raw\malignant\malignant (143)_mask.png,True,1,467,562,262454
malignant (144),malignant,data\raw\malignant\malignant (144).png,data\raw\malignant\malignant (144)_mask.png,True,1,470,544,255680
malignant (145),malignant,data\raw\malignant\malignant (145).png,data\raw\malignant\malignant (145)_mask.png,True,1,462,550,254100
malignant (146),malignant,data\raw\malignant\malignant (146).png,data\raw\malignant\malignant (146)_mask.png,True,1,432,575,248400
malignant (147),malignant,data\raw\malignant\malignant (147).png,data\raw\malignant\malignant (147)_mask.png,True,1,471,552,259992
malignant (148),malignant,data\raw\malignant\malignant (148).png,data\raw\malignant\malignant (148)_mask.png,True,1,463,556,257428
malignant (149),malignant,data\raw\malignant\malignant (149).png,data\raw\malignant\malignant (149)_mask.png,True,1,572,763,436436
malignant (15),malignant,data\raw\malignant\malignant (15).png,data\raw\malignant\malignant (15)_mask.png,True,1,398,361,143678
malignant (150),malignant,data\raw\malignant\malignant (150).png,data\raw\malignant\malignant (150)_mask.png,True,1,463,557,257891
malignant (151),malignant,data\raw\malignant\malignant (151).png,data\raw\malignant\malignant (151)_mask.png,True,1,467,513,239571
malignant (152),malignant,data\raw\malignant\malignant (152).png,data\raw\malignant\malignant (152)_mask.png,True,1,574,776,445424
malignant (153),malignant,data\raw\malignant\malignant (153).png,data\raw\malignant\malignant (153)_mask.png,True,1,603,650,391950
malignant (154),malignant,data\raw\malignant\malignant (154).png,data\raw\malignant\malignant (154)_mask.png,True,1,464,556,257984
malignant (155),malignant,data\raw\malignant\malignant (155).png,data\raw\malignant\malignant (155)_mask.png,True,1,487,551,268337
malignant (156),malignant,data\raw\malignant\malignant (156).png,data\raw\malignant\malignant (156)_mask.png,True,1,457,562,256834
malignant (157),malignant,data\raw\malignant\malignant (157).png,data\raw\malignant\malignant (157)_mask.png,True,1,471,564,265644
malignant (158),malignant,data\raw\malignant\malignant (158).png,data\raw\malignant\malignant (158)_mask.png,True,1,444,313,138972
malignant (159),malignant,data\raw\malignant\malignant (159).png,data\raw\malignant\malignant (159)_mask.png,True,1,482,556,267992
malignant (16),malignant,data\raw\malignant\malignant (16).png,data\raw\malignant\malignant (16)_mask.png,True,1,472,511,241192
malignant (160),malignant,data\raw\malignant\malignant (160).png,data\raw\malignant\malignant (160)_mask.png,True,1,587,626,367462
malignant (161),malignant,data\raw\malignant\malignant (161).png,data\raw\malignant\malignant (161)_mask.png,True,1,576,694,399744
malignant (162),malignant,data\raw\malignant\malignant (162).png,data\raw\malignant\malignant (162)_mask.png,True,1,587,620,363940
malignant (163),malignant,data\raw\malignant\malignant (163).png,data\raw\malignant\malignant (163)_mask.png,True,1,570,643,366510
malignant (164),malignant,data\raw\malignant\malignant (164).png,data\raw\malignant\malignant (164)_mask.png,True,1,473,551,260623
malignant (165),malignant,data\raw\malignant\malignant (165).png,data\raw\malignant\malignant (165)_mask.png,True,1,332,505,167660
malignant (166),malignant,data\raw\malignant\malignant (166).png,data\raw\malignant\malignant (166)_mask.png,True,1,488,555,270840
malignant (167),malignant,data\raw\malignant\malignant (167).png,data\raw\malignant\malignant (167)_mask.png,True,1,459,563,258417
malignant (168),malignant,data\raw\malignant\malignant (168).png,data\raw\malignant\malignant (168)_mask.png,True,1,469,557,261233
malignant (169),malignant,data\raw\malignant\malignant (169).png,data\raw\malignant\malignant (169)_mask.png,True,1,463,557,257891
malignant (17),malignant,data\raw\malignant\malignant (17).png,data\raw\malignant\malignant (17)_mask.png,True,1,590,765,451350
malignant (170),malignant,data\raw\malignant\malignant (170).png,data\raw\malignant\malignant (170)_mask.png,True,1,463,556,257428
malignant (171),malignant,data\raw\malignant\malignant (171).png,data\raw\malignant\malignant (171)_mask.png,True,1,589,624,367536
malignant (172),malignant,data\raw\malignant\malignant (172).png,data\raw\malignant\malignant (172)_mask.png,True,1,469,602,282338
malignant (173),malignant,data\raw\malignant\malignant (173).png,data\raw\malignant\malignant (173)_mask.png,True,1,451,573,258423
malignant (174),malignant,data\raw\malignant\malignant (174).png,data\raw\malignant\malignant (174)_mask.png,True,1,581,633,367773
malignant (175),malignant,data\raw\malignant\malignant (175).png,data\raw\malignant\malignant (175)_mask.png,True,1,470,564,265080
malignant (176),malignant,data\raw\malignant\malignant (176).png,data\raw\malignant\malignant (176)_mask.png,True,1,594,640,380160
malignant (177),malignant,data\raw\malignant\malignant (177).png,data\raw\malignant\malignant (177)_mask.png,True,1,581,613,356153
malignant (178),malignant,data\raw\malignant\malignant (178).png,data\raw\malignant\malignant (178)_mask.png,True,1,467,562,262454
malignant (179),malignant,data\raw\malignant\malignant (179).png,data\raw\malignant\malignant (179)_mask.png,True,1,476,432,205632
malignant (18),malignant,data\raw\malignant\malignant (18).png,data\raw\malignant\malignant (18)_mask.png,True,1,437,579,253023
malignant (180),malignant,data\raw\malignant\malignant (180).png,data\raw\malignant\malignant (180)_mask.png,True,1,461,562,259082
malignant (181),malignant,data\raw\malignant\malignant (181).png,data\raw\malignant\malignant (181)_mask.png,True,1,488,497,242536
malignant (182),malignant,data\raw\malignant\malignant (182).png,data\raw\malignant\malignant (182)_mask.png,True,1,583,689,401687
malignant (183),malignant,data\raw\malignant\malignant (183).png,data\raw\malignant\malignant (183)_mask.png,True,1,457,557,254549
malignant (184),malignant,data\raw\malignant\malignant (184).png,data\raw\malignant\malignant (184)_mask.png,True,1,492,552,271584
malignant (185),malignant,data\raw\malignant\malignant (185).png,data\raw\malignant\malignant (185)_mask.png,True,1,582,694,403908
malignant (186),malignant,data\raw\malignant\malignant (186).png,data\raw\malignant\malignant (186)_mask.png,True,1,506,566,286396
malignant (187),malignant,data\raw\malignant\malignant (187).png,data\raw\malignant\malignant (187)_mask.png,True,1,585,765,447525
malignant (188),malignant,data\raw\malignant\malignant (188).png,data\raw\malignant\malignant (188)_mask.png,True,1,473,724,342452
malignant (189),malignant,data\raw\malignant\malignant (189).png,data\raw\malignant\malignant (189)_mask.png,True,1,400,433,173200
malignant (19),malignant,data\raw\malignant\malignant (19).png,data\raw\malignant\malignant (19)_mask.png,True,1,459,554,254286
malignant (190),malignant,data\raw\malignant\malignant (190).png,data\raw\malignant\malignant (190)_mask.png,True,1,427,576,245952
malignant (191),malignant,data\raw\malignant\malignant (191).png,data\raw\malignant\malignant (191)_mask.png,True,1,471,673,316983
malignant (192),malignant,data\raw\malignant\malignant (192).png,data\raw\malignant\malignant (192)_mask.png,True,1,488,556,271328
malignant (193),malignant,data\raw\malignant\malignant (193).png,data\raw\malignant\malignant (193)_mask.png,True,1,574,781,448294
malignant (194),malignant,data\raw\malignant\malignant (194).png,data\raw\malignant\malignant (194)_mask.png,True,1,555,923,512265
malignant (195),malignant,data\raw\malignant\malignant (195).png,data\raw\malignant\malignant (195)_mask.png,True,1,475,555,263625
malignant (196),malignant,data\raw\malignant\malignant (196).png,data\raw\malignant\malignant (196)_mask.png,True,1,465,557,259005
malignant (197),malignant,data\raw\malignant\malignant (197).png,data\raw\malignant\malignant (197)_mask.png,True,1,484,552,267168
malignant (198),malignant,data\raw\malignant\malignant (198).png,data\raw\malignant\malignant (198)_mask.png,True,1,677,616,417032
malignant (199),malignant,data\raw\malignant\malignant (199).png,data\raw\malignant\malignant (199)_mask.png,True,1,473,504,238392
malignant (2),malignant,data\raw\malignant\malignant (2).png,data\raw\malignant\malignant (2)_mask.png,True,1,495,548,271260
malignant (20),malignant,data\raw\malignant\malignant (20).png,data\raw\malignant\malignant (20)_mask.png,True,1,475,558,265050
malignant (200),malignant,data\raw\malignant\malignant (200).png,data\raw\malignant\malignant (200)_mask.png,True,1,463,438,202794
malignant (201),malignant,data\raw\malignant\malignant (201).png,data\raw\malignant\malignant (201)_mask.png,True,1,576,678,390528
malignant (202),malignant,data\raw\malignant\malignant (202).png,data\raw\malignant\malignant (202)_mask.png,True,1,491,550,270050
malignant (203),malignant,data\raw\malignant\malignant (203).png,data\raw\malignant\malignant (203)_mask.png,True,1,411,577,237147
malignant (204),malignant,data\raw\malignant\malignant (204).png,data\raw\malignant\malignant (204)_mask.png,True,1,585,875,511875
malignant (205),malignant,data\raw\malignant\malignant (205).png,data\raw\malignant\malignant (205)_mask.png,True,1,470,510,239700
malignant (206),malignant,data\raw\malignant\malignant (206).png,data\raw\malignant\malignant (206)_mask.png,True,1,571,792,452232
malignant (207),malignant,data\raw\malignant\malignant (207).png,data\raw\malignant\malignant (207)_mask.png,True,1,458,557,255106
malignant (208),malignant,data\raw\malignant\malignant (208).png,data\raw\malignant\malignant (208)_mask.png,True,1,664,617,409688
malignant (209),malignant,data\raw\malignant\malignant (209).png,data\raw\malignant\malignant (209)_mask.png,True,1,471,508,239268
malignant (21),malignant,data\raw\malignant\malignant (21).png,data\raw\malignant\malignant (21)_mask.png,True,1,367,601,220567
malignant (210),malignant,data\raw\malignant\malignant (210).png,data\raw\malignant\malignant (210)_mask.png,True,1,587,775,454925
malignant (22),malignant,data\raw\malignant\malignant (22).png,data\raw\malignant\malignant (22)_mask.png,True,1,474,570,270180
malignant (23),malignant,data\raw\malignant\malignant (23).png,data\raw\malignant\malignant (23)_mask.png,True,1,468,569,266292
malignant (24),malignant,data\raw\malignant\malignant (24).png,data\raw\malignant\malignant (24)_mask.png,True,1,462,564,260568
malignant (25),malignant,data\raw\malignant\malignant (25).png,data\raw\malignant\malignant (25)_mask.png,True,1,470,563,264610
malignant (26),malignant,data\raw\malignant\malignant (26).png,data\raw\malignant\malignant (26)_mask.png,True,1,469,564,264516
malignant (27),malignant,data\raw\malignant\malignant (27).png,data\raw\malignant\malignant (27)_mask.png,True,1,475,567,269325
malignant (28),malignant,data\raw\malignant\malignant (28).png,data\raw\malignant\malignant (28)_mask.png,True,1,470,562,264140
malignant (29),malignant,data\raw\malignant\malignant (29).png,data\raw\malignant\malignant (29)_mask.png,True,1,470,567,266490
malignant (3),malignant,data\raw\malignant\malignant (3).png,data\raw\malignant\malignant (3)_mask.png,True,1,475,425,201875
malignant (30),malignant,data\raw\malignant\malignant (30).png,data\raw\malignant\malignant (30)_mask.png,True,1,468,573,268164
malignant (31),malignant,data\raw\malignant\malignant (31).png,data\raw\malignant\malignant (31)_mask.png,True,1,509,723,368007
malignant (32),malignant,data\raw\malignant\malignant (32).png,data\raw\malignant\malignant (32)_mask.png,True,1,492,557,274044
malignant (33),malignant,data\raw\malignant\malignant (33).png,data\raw\malignant\malignant (33)_mask.png,True,1,496,557,276272
malignant (34),malignant,data\raw\malignant\malignant (34).png,data\raw\malignant\malignant (34)_mask.png,True,1,589,620,365180
malignant (35),malignant,data\raw\malignant\malignant (35).png,data\raw\malignant\malignant (35)_mask.png,True,1,387,592,229104
malignant (36),malignant,data\raw\malignant\malignant (36).png,data\raw\malignant\malignant (36)_mask.png,True,1,494,623,307762
malignant (37),malignant,data\raw\malignant\malignant (37).png,data\raw\malignant\malignant (37)_mask.png,True,1,490,626,306740
malignant (38),malignant,data\raw\malignant\malignant (38).png,data\raw\malignant\malignant (38)_mask.png,True,1,578,1048,605744
malignant (39),malignant,data\raw\malignant\malignant (39).png,data\raw\malignant\malignant (39)_mask.png,True,1,469,564,264516
malignant (4),malignant,data\raw\malignant\malignant (4).png,data\raw\malignant\malignant (4)_mask.png,True,1,473,432,204336
malignant (40),malignant,data\raw\malignant\malignant (40).png,data\raw\malignant\malignant (40)_mask.png,True,1,461,548,252628
malignant (41),malignant,data\raw\malignant\malignant (41).png,data\raw\malignant\malignant (41)_mask.png,True,1,476,580,276080
malignant (42),malignant,data\raw\malignant\malignant (42).png,data\raw\malignant\malignant (42)_mask.png,True,1,439,578,253742
malignant (43),malignant,data\raw\malignant\malignant (43).png,data\raw\malignant\malignant (43)_mask.png,True,1,571,543,310053
malignant (44),malignant,data\raw\malignant\malignant (44).png,data\raw\malignant\malignant (44)_mask.png,True,1,580,765,443700
malignant (45),malignant,data\raw\malignant\malignant (45).png,data\raw\malignant\malignant (45)_mask.png,True,1,592,781,462352
malignant (46),malignant,data\raw\malignant\malignant (46).png,data\raw\malignant\malignant (46)_mask.png,True,1,571,785,448235
malignant (47),malignant,data\raw\malignant\malignant (47).png,data\raw\malignant\malignant (47)_mask.png,True,1,471,562,264702
malignant (48),malignant,data\raw\malignant\malignant (48).png,data\raw\malignant\malignant (48)_mask.png,True,1,493,552,272136
malignant (49),malignant,data\raw\malignant\malignant (49).png,data\raw\malignant\malignant (49)_mask.png,True,1,491,622,305402
malignant (5),malignant,data\raw\malignant\malignant (5).png,data\raw\malignant\malignant (5)_mask.png,True,1,476,431,205156
malignant (50),malignant,data\raw\malignant\malignant (50).png,data\raw\malignant\malignant (50)_mask.png,True,1,469,567,265923
malignant (51),malignant,data\raw\malignant\malignant (51).png,data\raw\malignant\malignant (51)_mask.png,True,1,437,588,256956
malignant (52),malignant,data\raw\malignant\malignant (52).png,data\raw\malignant\malignant (52)_mask.png,True,1,462,552,255024
malignant (53),malignant,data\raw\malignant\malignant (53).png,data\raw\malignant\malignant (53)_mask.png,True,2,471,569,267999
malignant (54),malignant,data\raw\malignant\malignant (54).png,data\raw\malignant\malignant (54)_mask.png,True,1,580,777,450660
malignant (55),malignant,data\raw\malignant\malignant (55).png,data\raw\malignant\malignant (55)_mask.png,True,1,556,786,437016
malignant (56),malignant,data\raw\malignant\malignant (56).png,data\raw\malignant\malignant (56)_mask.png,True,1,538,690,371220
malignant (57),malignant,data\raw\malignant\malignant (57).png,data\raw\malignant\malignant (57)_mask.png,True,1,533,717,382161
malignant (58),malignant,data\raw\malignant\malignant (58).png,data\raw\malignant\malignant (58)_mask.png,True,1,558,688,383904
malignant (59),malignant,data\raw\malignant\malignant (59).png,data\raw\malignant\malignant (59)_mask.png,True,1,561,682,382602
malignant (6),malignant,data\raw\malignant\malignant (6).png,data\raw\malignant\malignant (6)_mask.png,True,1,478,432,206496
malignant (60),malignant,data\raw\malignant\malignant (60).png,data\raw\malignant\malignant (60)_mask.png,True,1,559,681,380679
malignant (61),malignant,data\raw\malignant\malignant (61).png,data\raw\malignant\malignant (61)_mask.png,True,1,462,566,261492
malignant (62),malignant,data\raw\malignant\malignant (62).png,data\raw\malignant\malignant (62)_mask.png,True,1,565,693,391545
malignant (63),malignant,data\raw\malignant\malignant (63).png,data\raw\malignant\malignant (63)_mask.png,True,1,572,795,454740
malignant (64),malignant,data\raw\malignant\malignant (64).png,data\raw\malignant\malignant (64)_mask.png,True,1,479,772,369788
malignant (65),malignant,data\raw\malignant\malignant (65).png,data\raw\malignant\malignant (65)_mask.png,True,1,584,922,538448
malignant (66),malignant,data\raw\malignant\malignant (66).png,data\raw\malignant\malignant (66)_mask.png,True,1,584,655,382520
malignant (67),malignant,data\raw\malignant\malignant (67).png,data\raw\malignant\malignant (67)_mask.png,True,1,604,946,571384
malignant (68),malignant,data\raw\malignant\malignant (68).png,data\raw\malignant\malignant (68)_mask.png,True,1,464,574,266336
malignant (69),malignant,data\raw\malignant\malignant (69).png,data\raw\malignant\malignant (69)_mask.png,True,1,461,646,297806
malignant (7),malignant,data\raw\malignant\malignant (7).png,data\raw\malignant\malignant (7)_mask.png,True,1,474,432,204768
malignant (70),malignant,data\raw\malignant\malignant (70).png,data\raw\malignant\malignant (70)_mask.png,True,1,463,668,309284
malignant (71),malignant,data\raw\malignant\malignant (71).png,data\raw\malignant\malignant (71)_mask.png,True,1,592,528,312576
malignant (72),malignant,data\raw\malignant\malignant (72).png,data\raw\malignant\malignant (72)_mask.png,True,1,598,528,315744
malignant (73),malignant,data\raw\malignant\malignant (73).png,data\raw\malignant\malignant (73)_mask.png,True,1,474,549,260226
malignant (74),malignant,data\raw\malignant\malignant (74).png,data\raw\malignant\malignant (74)_mask.png,True,1,464,558,258912
malignant (75),malignant,data\raw\malignant\malignant (75).png,data\raw\malignant\malignant (75)_mask.png,True,1,412,441,181692
malignant (76),malignant,data\raw\malignant\malignant (76).png,data\raw\malignant\malignant (76)_mask.png,True,1,494,769,379886
malignant (77),malignant,data\raw\malignant\malignant (77).png,data\raw\malignant\malignant (77)_mask.png,True,1,587,801,470187
malignant (78),malignant,data\raw\malignant\malignant (78).png,data\raw\malignant\malignant (78)_mask.png,True,1,567,880,498960
malignant (79),malignant,data\raw\malignant\malignant (79).png,data\raw\malignant\malignant (79)_mask.png,True,1,468,564,263952
malignant (8),malignant,data\raw\malignant\malignant (8).png,data\raw\malignant\malignant (8)_mask.png,True,1,473,426,201498
malignant (80),malignant,data\raw\malignant\malignant (80).png,data\raw\malignant\malignant (80)_mask.png,True,1,443,643,284849
malignant (81),malignant,data\raw\malignant\malignant (81).png,data\raw\malignant\malignant (81)_mask.png,True,1,452,764,345328
malignant (82),malignant,data\raw\malignant\malignant (82).png,data\raw\malignant\malignant (82)_mask.png,True,1,459,569,261171
malignant (83),malignant,data\raw\malignant\malignant (83).png,data\raw\malignant\malignant (83)_mask.png,True,1,616,654,402864
malignant (84),malignant,data\raw\malignant\malignant (84).png,data\raw\malignant\malignant (84)_mask.png,True,1,612,649,397188
malignant (85),malignant,data\raw\malignant\malignant (85).png,data\raw\malignant\malignant (85)_mask.png,True,1,485,733,355505
malignant (86),malignant,data\raw\malignant\malignant (86).png,data\raw\malignant\malignant (86)_mask.png,True,1,483,735,355005
malignant (87),malignant,data\raw\malignant\malignant (87).png,data\raw\malignant\malignant (87)_mask.png,True,1,499,561,279939
malignant (88),malignant,data\raw\malignant\malignant (88).png,data\raw\malignant\malignant (88)_mask.png,True,1,591,775,458025
malignant (89),malignant,data\raw\malignant\malignant (89).png,data\raw\malignant\malignant (89)_mask.png,True,1,585,786,459810
malignant (9),malignant,data\raw\malignant\malignant (9).png,data\raw\malignant\malignant (9)_mask.png,True,1,480,430,206400
malignant (90),malignant,data\raw\malignant\malignant (90).png,data\raw\malignant\malignant (90)_mask.png,True,1,587,783,459621
malignant (91),malignant,data\raw\malignant\malignant (91).png,data\raw\malignant\malignant (91)_mask.png,True,1,494,550,271700
malignant (92),malignant,data\raw\malignant\malignant (92).png,data\raw\malignant\malignant (92)_mask.png,True,1,581,617,358477
malignant (93),malignant,data\raw\malignant\malignant (93).png,data\raw\malignant\malignant (93)_mask.png,True,1,470,554,260380
malignant (94),malignant,data\raw\malignant\malignant (94).png,data\raw\malignant\malignant (94)_mask.png,True,1,452,564,254928
malignant (95),malignant,data\raw\malignant\malignant (95).png,data\raw\malignant\malignant (95)_mask.png,True,1,486,781,379566
malignant (96),malignant,data\raw\malignant\malignant (96).png,data\raw\malignant\malignant (96)_mask.png,True,1,483,560,270480
malignant (97),malignant,data\raw\malignant\malignant (97).png,data\raw\malignant\malignant (97)_mask.png,True,1,486,583,283338
malignant (98),malignant,data\raw\malignant\malignant (98).png,data\raw\malignant\malignant (98)_mask.png,True,1,486,770,374220
malignant (99),malignant,data\raw\malignant\malignant (99).png,data\raw\malignant\malignant (99)_mask.png,True,1,486,550,267300
